"MCDNAME","total_votes","Dvotes","Rvotes","DFL%","R%"
"Aastad Twp",0,0,0,0,0
"Acoma Twp",520,24,16,4.61538461538462,3.07692307692308
"Acton Twp",224,8,6,3.57142857142857,2.67857142857143
"Ada",0,0,0,0,0
"Adams",0,0,0,0,0
"Adams Twp",0,0,0,0,0
"Adrian",0,0,0,0,0
"Adrian Twp",0,0,0,0,0
"Aetna Twp",0,0,0,0,0
"Afton",0,0,0,0,0
"Agassiz Twp",55,2,1,3.63636363636364,1.81818181818182
"Agder Twp",55,2,1,3.63636363636364,1.81818181818182
"Agram Twp",0,0,0,0,0
"Aitkin",0,0,0,0,0
"Aitkin Twp",0,0,0,0,0
"Akeley",0,0,0,0,0
"Akeley Twp",0,0,0,0,0
"Akron Twp",0,0,0,0,0
"Alango Twp",0,0,0,0,0
"Alaska Twp",0,0,0,0,0
"Alba Twp",0,0,0,0,0
"Albany",660,24,12,3.63636363636364,1.81818181818182
"Albany Twp",1980,72,36,3.63636363636364,1.81818181818182
"Albert Lea",0,0,0,0,0
"Albert Lea Twp",0,0,0,0,0
"Alberta",0,0,0,0,0
"Alberta Twp",0,0,0,0,0
"Albertville",0,0,0,0,0
"Albin Twp",0,0,0,0,0
"Albion Twp",0,0,0,0,0
"Alborn Twp",0,0,0,0,0
"Alden",0,0,0,0,0
"Alden Twp",0,0,0,0,0
"Aldrich",0,0,0,0,0
"Aldrich Twp",0,0,0,0,0
"Alexandria",0,0,0,0,0
"Alexandria Twp",0,0,0,0,0
"Alfsborg Twp",236,12,8,5.08474576271187,3.38983050847458
"Alliance Twp",220,8,4,3.63636363636364,1.81818181818182
"Alma Twp",110,4,2,3.63636363636364,1.81818181818182
"Almond Twp",0,0,0,0,0
"Alpha",0,0,0,0,0
"Alta Vista Twp",0,0,0,0,0
"Alton Twp",330,12,6,3.63636363636364,1.81818181818182
"Altona Twp",0,0,0,0,0
"Altura",0,0,0,0,0
"Alvarado",55,2,1,3.63636363636364,1.81818181818182
"Alvwood Twp",0,0,0,0,0
"Amador Twp",330,12,6,3.63636363636364,1.81818181818182
"Amboy",130,6,4,4.61538461538462,3.07692307692308
"Amboy Twp",0,0,0,0,0
"America / Beltrami Island Unorg",0,0,0,0,0
"Amherst Twp",0,0,0,0,0
"Amiret Twp",0,0,0,0,0
"Amo Twp",0,0,0,0,0
"Amor Twp",0,0,0,0,0
"Andover",3120,480,528,15.3846153846154,16.9230769230769
"Andover Twp",0,0,0,0,0
"Andrea Twp",0,0,0,0,0
"Angora Twp",0,0,0,0,0
"Angus Twp",0,0,0,0,0
"Ann Lake Twp",0,0,0,0,0
"Ann Twp",0,0,0,0,0
"Annandale",0,0,0,0,0
"Anoka",2080,320,352,15.3846153846154,16.9230769230769
"Ansel Twp",110,4,2,3.63636363636364,1.81818181818182
"Anthony Twp",0,0,0,0,0
"Antrim Twp",0,0,0,0,0
"Apple Valley",2860,230,214,8.04195804195804,7.48251748251748
"Appleton",0,0,0,0,0
"Appleton Twp",0,0,0,0,0
"Arago Twp",0,0,0,0,0
"Arbo Twp",0,0,0,0,0
"Arco",0,0,0,0,0
"Arctander Twp",0,0,0,0,0
"Arden Hills",495,18,9,3.63636363636364,1.81818181818182
"Ardenhurst Twp",0,0,0,0,0
"Arena Twp",55,2,1,3.63636363636364,1.81818181818182
"Arendahl Twp",0,0,0,0,0
"Argyle",55,2,1,3.63636363636364,1.81818181818182
"Arlington",118,4,2,3.38983050847458,1.69491525423729
"Arlington Twp",118,5,3,4.23728813559322,2.54237288135593
"Arlone Twp",0,0,0,0,0
"Arna Twp",0,0,0,0,0
"Arrowhead Twp",0,0,0,0,0
"Arthur Twp",55,2,1,3.63636363636364,1.81818181818182
"Artichoke Twp",0,0,0,0,0
"Arveson Twp",55,2,1,3.63636363636364,1.81818181818182
"Ash Lake Twp",0,0,0,0,0
"Ashby",0,0,0,0,0
"Ashland Twp",0,0,0,0,0
"Ashley Twp",660,24,12,3.63636363636364,1.81818181818182
"Askov",0,0,0,0,0
"Athens Twp",0,0,0,0,0
"Atherton Twp",0,0,0,0,0
"Atkinson Twp",165,6,3,3.63636363636364,1.81818181818182
"Atlanta Twp",0,0,0,0,0
"Atwater",0,0,0,0,0
"Audubon",0,0,0,0,0
"Audubon Twp",0,0,0,0,0
"Augsburg Twp",110,4,2,3.63636363636364,1.81818181818182
"Augusta Twp",55,2,1,3.63636363636364,1.81818181818182
"Ault Twp",0,0,0,0,0
"Aurdal Twp",0,0,0,0,0
"Aurora",0,0,0,0,0
"Aurora Twp",0,0,0,0,0
"Austin",0,0,0,0,0
"Austin Twp",0,0,0,0,0
"Automba Twp",330,12,6,3.63636363636364,1.81818181818182
"Avoca",0,0,0,0,0
"Avon",660,24,12,3.63636363636364,1.81818181818182
"Avon Twp",1980,72,36,3.63636363636364,1.81818181818182
"Babbitt",0,0,0,0,0
"Backus",110,4,2,3.63636363636364,1.81818181818182
"Badger",0,0,0,0,0
"Badger Twp",0,0,0,0,0
"Badoura Twp",0,0,0,0,0
"Bagley",0,0,0,0,0
"Baker Twp",0,0,0,0,0
"Balaton",0,0,0,0,0
"Baldwin Twp",0,0,0,0,0
"Balkan Twp",0,0,0,0,0
"Ball Bluff Twp",0,0,0,0,0
"Ball Club Unorg",0,0,0,0,0
"Balsam Twp",0,0,0,0,0
"Bancroft Twp",0,0,0,0,0
"Bandon Twp",0,0,0,0,0
"Bangor Twp",0,0,0,0,0
"Barber Twp",0,0,0,0,0
"Barclay Twp",110,4,2,3.63636363636364,1.81818181818182
"Barnesville",495,18,9,3.63636363636364,1.81818181818182
"Barnesville Twp",110,4,2,3.63636363636364,1.81818181818182
"Barnett Twp",0,0,0,0,0
"Barnum",55,2,1,3.63636363636364,1.81818181818182
"Barnum Twp",330,12,6,3.63636363636364,1.81818181818182
"Barrett",0,0,0,0,0
"Barry",0,0,0,0,0
"Barry Twp",0,0,0,0,0
"Barsness Twp",0,0,0,0,0
"Bartlett Twp",165,6,3,3.63636363636364,1.81818181818182
"Barto Twp",0,0,0,0,0
"Bashaw Twp",330,12,6,3.63636363636364,1.81818181818182
"Bass Lake Unorg",0,0,0,0,0
"Bassett Twp",0,0,0,0,0
"Bath Twp",0,0,0,0,0
"Battle Lake",0,0,0,0,0
"Battle Plain Twp",0,0,0,0,0
"Battle Twp",0,0,0,0,0
"Baudette",0,0,0,0,0
"Baudette Unorg",0,0,0,0,0
"Baxter",220,8,4,3.63636363636364,1.81818181818182
"Baxter Twp",110,4,2,3.63636363636364,1.81818181818182
"Bay Lake Twp",110,4,2,3.63636363636364,1.81818181818182
"Bayport",0,0,0,0,0
"Baytown Twp",0,0,0,0,0
"Bear Creek Twp",0,0,0,0,0
"Bear Head Lake Unorg",0,0,0,0,0
"Bear Park Twp",0,0,0,0,0
"Beardsley",0,0,0,0,0
"Bearville Twp",0,0,0,0,0
"Beatty Twp",0,0,0,0,0
"Beauford Twp",130,6,4,4.61538461538462,3.07692307692308
"Beaulieu Twp",0,0,0,0,0
"Beaver Bay",0,0,0,0,0
"Beaver Bay Twp",0,0,0,0,0
"Beaver Creek",0,0,0,0,0
"Beaver Creek Twp",0,0,0,0,0
"Beaver Falls Twp",0,0,0,0,0
"Beaver Twp",0,0,0,0,0
"Becker",0,0,0,0,0
"Becker Twp",110,4,2,3.63636363636364,1.81818181818182
"Bejou",165,6,3,3.63636363636364,1.81818181818182
"Bejou Twp",0,0,0,0,0
"Belfast Twp",0,0,0,0,0
"Belgium Twp",0,0,0,0,0
"Belgrade",660,24,12,3.63636363636364,1.81818181818182
"Belgrade Twp",220,8,4,3.63636363636364,1.81818181818182
"Belle Creek Twp",0,0,0,0,0
"Belle Plaine",0,0,0,0,0
"Belle Plaine Twp",0,0,0,0,0
"Belle Prairie Twp",0,0,0,0,0
"Belle River Twp",0,0,0,0,0
"Bellechester",0,0,0,0,0
"Bellevue Twp",0,0,0,0,0
"Bellingham",55,2,1,3.63636363636364,1.81818181818182
"Belmont Twp",0,0,0,0,0
"Beltrami",0,0,0,0,0
"Beltrami Forest Unorg",0,0,0,0,0
"Belvidere Twp",0,0,0,0,0
"Belview",110,4,2,3.63636363636364,1.81818181818182
"Bemidji",0,0,0,0,0
"Bemidji Twp",0,0,0,0,0
"Ben Wade Twp",0,0,0,0,0
"Bena",110,4,2,3.63636363636364,1.81818181818182
"Bennington Twp",0,0,0,0,0
"Benson",0,0,0,0,0
"Benson Twp",0,0,0,0,0
"Benton Twp",0,0,0,0,0
"Benville Twp",0,0,0,0,0
"Bergen Twp",520,24,16,4.61538461538462,3.07692307692308
"Berlin Twp",0,0,0,0,0
"Bernadotte Twp",440,16,8,3.63636363636364,1.81818181818182
"Bertha",0,0,0,0,0
"Bertha Twp",0,0,0,0,0
"Beseman Twp",55,2,1,3.63636363636364,1.81818181818182
"Bethel",0,0,0,0,0
"Beulah Twp",110,4,2,3.63636363636364,1.81818181818182
"Big Bend Twp",0,0,0,0,0
"Big Falls",110,4,2,3.63636363636364,1.81818181818182
"Big Lake",0,0,0,0,0
"Big Lake Twp",0,0,0,0,0
"Big Stone Twp",0,0,0,0,0
"Big Woods Twp",110,4,2,3.63636363636364,1.81818181818182
"Bigelow",0,0,0,0,0
"Bigelow Twp",0,0,0,0,0
"Bigfork",0,0,0,0,0
"Bigfork Twp",0,0,0,0,0
"Bingham Lake",0,0,0,0,0
"Birch Cooley Twp",0,0,0,0,0
"Birch Creek Twp",0,0,0,0,0
"Birch Lake Twp",110,4,2,3.63636363636364,1.81818181818182
"Birch Lake Unorg",0,0,0,0,0
"Birch Twp",0,0,0,0,0
"Birchdale Twp",0,0,0,0,0
"Birchwood Village",0,0,0,0,0
"Bird Island",0,0,0,0,0
"Bird Island Twp",0,0,0,0,0
"Biscay",195,9,6,4.61538461538462,3.07692307692308
"Bismarck Twp",59,3,2,5.08474576271187,3.38983050847458
"Biwabik",0,0,0,0,0
"Biwabik Twp",0,0,0,0,0
"Black Hammer Twp",0,0,0,0,0
"Black River Twp",0,0,0,0,0
"Blackberry Twp",0,0,0,0,0
"Blackduck",0,0,0,0,0
"Blackhoof Twp",495,18,9,3.63636363636364,1.81818181818182
"Blaine",7280,1120,1232,15.3846153846154,16.9230769230769
"Blakeley Twp",0,0,0,0,0
"Blind Lake Twp",220,8,4,3.63636363636364,1.81818181818182
"Blomkest",0,0,0,0,0
"Bloom Twp",0,0,0,0,0
"Bloomer Twp",55,2,1,3.63636363636364,1.81818181818182
"Bloomfield Twp",0,0,0,0,0
"Blooming Grove Twp",660,24,12,3.63636363636364,1.81818181818182
"Blooming Prairie",0,0,0,0,0
"Blooming Prairie Twp",0,0,0,0,0
"Bloomington",1349,142,71,10.5263157894737,5.26315789473684
"Blowers Twp",0,0,0,0,0
"Blue Earth",0,0,0,0,0
"Blue Earth City Twp",0,0,0,0,0
"Blue Hill Twp",0,0,0,0,0
"Blue Mounds Twp",0,0,0,0,0
"Blueberry Twp",0,0,0,0,0
"Bluffton",0,0,0,0,0
"Bluffton Twp",0,0,0,0,0
"Bock",0,0,0,0,0
"Bogus Brook Twp",0,0,0,0,0
"Bondin Twp",0,0,0,0,0
"Boon Lake Twp",0,0,0,0,0
"Borgholm Twp",0,0,0,0,0
"Borup",0,0,0,0,0
"Bovey",0,0,0,0,0
"Bowlus",0,0,0,0,0
"Bowstring Twp",0,0,0,0,0
"Boxville Twp",55,2,1,3.63636363636364,1.81818181818182
"Boy Lake Twp",220,8,4,3.63636363636364,1.81818181818182
"Boy River",110,4,2,3.63636363636364,1.81818181818182
"Boy River Twp",110,4,2,3.63636363636364,1.81818181818182
"Boyd",55,2,1,3.63636363636364,1.81818181818182
"Bradbury Twp",0,0,0,0,0
"Bradford Twp",0,0,0,0,0
"Braham",0,0,0,0,0
"Brainerd",495,18,9,3.63636363636364,1.81818181818182
"Brandon",0,0,0,0,0
"Brandon Twp",0,0,0,0,0
"Brandrup Twp",0,0,0,0,0
"Brandsvold Twp",0,0,0,0,0
"Brandt Twp",0,0,0,0,0
"Bray Twp",0,0,0,0,0
"Breckenridge",0,0,0,0,0
"Breckenridge Twp",0,0,0,0,0
"Breezy Point",55,2,1,3.63636363636364,1.81818181818182
"Breitung Twp",0,0,0,0,0
"Bremen Twp",0,0,0,0,0
"Brevator Twp",0,0,0,0,0
"Brewster",0,0,0,0,0
"Bricelyn",0,0,0,0,0
"Bridgewater Twp",440,16,8,3.63636363636364,1.81818181818182
"Brighton Twp",220,8,4,3.63636363636364,1.81818181818182
"Brislet Twp",0,0,0,0,0
"Bristol Twp",0,0,0,0,0
"Brockway Twp",1980,72,36,3.63636363636364,1.81818181818182
"Brook Lake Unorg",0,0,0,0,0
"Brook Park",0,0,0,0,0
"Brook Park Twp",0,0,0,0,0
"Brookfield Twp",0,0,0,0,0
"Brooklyn Center",228,24,12,10.5263157894737,5.26315789473684
"Brooklyn Park",969,102,51,10.5263157894737,5.26315789473684
"Brooks",0,0,0,0,0
"Brookston",0,0,0,0,0
"Brookville Twp",220,8,4,3.63636363636364,1.81818181818182
"Brooten",660,24,12,3.63636363636364,1.81818181818182
"Browerville",0,0,0,0,0
"Browns Creek Twp",0,0,0,0,0
"Browns Valley",110,4,2,3.63636363636364,1.81818181818182
"Browns Valley Twp",0,0,0,0,0
"Brownsdale",0,0,0,0,0
"Brownsville",0,0,0,0,0
"Brownsville Twp",0,0,0,0,0
"Brownton",260,12,8,4.61538461538462,3.07692307692308
"Bruce Twp",0,0,0,0,0
"Bruno",0,0,0,0,0
"Bruno Twp",0,0,0,0,0
"Brunswick Twp",0,0,0,0,0
"Brush Creek Twp",0,0,0,0,0
"Buckman",0,0,0,0,0
"Buckman Twp",0,0,0,0,0
"Buffalo",0,0,0,0,0
"Buffalo Lake",0,0,0,0,0
"Buffalo Twp",0,0,0,0,0
"Buh Twp",0,0,0,0,0
"Buhl",0,0,0,0,0
"Bull Moose Twp",110,4,2,3.63636363636364,1.81818181818182
"Bullard Twp",0,0,0,0,0
"Bungo Twp",165,6,3,3.63636363636364,1.81818181818182
"Burbank Twp",0,0,0,0,0
"Burke Twp",0,0,0,0,0
"Burleene Twp",0,0,0,0,0
"Burlington Twp",0,0,0,0,0
"Burnhamville Twp",0,0,0,0,0
"Burnstown Twp",165,6,3,3.63636363636364,1.81818181818182
"Burnsville",4182,684,762,16.3558106169297,18.2209469153515
"Burton Twp",0,0,0,0,0
"Burtrum",0,0,0,0,0
"Buse Twp",0,0,0,0,0
"Butler Twp",0,0,0,0,0
"Butterfield",0,0,0,0,0
"Butterfield Twp",0,0,0,0,0
"Butternut Valley Twp",390,18,12,4.61538461538462,3.07692307692308
"Buzzle Twp",0,0,0,0,0
"Bygland Twp",0,0,0,0,0
"Byron",165,6,3,3.63636363636364,1.81818181818182
"Byron Twp",605,22,11,3.63636363636364,1.81818181818182
"Cairo Twp",0,0,0,0,0
"Caledonia",0,0,0,0,0
"Caledonia Twp",0,0,0,0,0
"Callaway",0,0,0,0,0
"Callaway Twp",0,0,0,0,0
"Calumet",0,0,0,0,0
"Cambria Twp",260,12,8,4.61538461538462,3.07692307692308
"Cambridge",0,0,0,0,0
"Cambridge Twp",0,0,0,0,0
"Camden Twp",0,0,0,0,0
"Cameron Twp",0,0,0,0,0
"Camp 5 Twp",0,0,0,0,0
"Camp Lake Twp",0,0,0,0,0
"Camp Release Twp",0,0,0,0,0
"Camp Twp",0,0,0,0,0
"Campbell",0,0,0,0,0
"Campbell Twp",0,0,0,0,0
"Canby",0,0,0,0,0
"Candor Twp",0,0,0,0,0
"Canisteo Twp",0,0,0,0,0
"Cannon City Twp",440,16,8,3.63636363636364,1.81818181818182
"Cannon Falls",0,0,0,0,0
"Cannon Falls Twp",0,0,0,0,0
"Cannon Twp",55,2,1,3.63636363636364,1.81818181818182
"Canosia Twp",0,0,0,0,0
"Canton",0,0,0,0,0
"Canton Twp",0,0,0,0,0
"Caribou Twp",110,4,2,3.63636363636364,1.81818181818182
"Carimona Twp",0,0,0,0,0
"Carlisle Twp",0,0,0,0,0
"Carlos",0,0,0,0,0
"Carlos Twp",0,0,0,0,0
"Carlston Twp",0,0,0,0,0
"Carlton",385,14,7,3.63636363636364,1.81818181818182
"Carpenter Twp",0,0,0,0,0
"Carrolton Twp",0,0,0,0,0
"Carson Twp",0,0,0,0,0
"Carsonville Twp",0,0,0,0,0
"Carver",0,0,0,0,0
"Cascade Twp",550,20,10,3.63636363636364,1.81818181818182
"Cashel Twp",0,0,0,0,0
"Cass Lake",165,6,3,3.63636363636364,1.81818181818182
"Castle Rock Twp",495,81,90,16.3636363636364,18.1818181818182
"Cedar Lake Twp",0,0,0,0,0
"Cedar Mills",56,2,2,3.57142857142857,3.57142857142857
"Cedar Mills Twp",167,7,3,4.19161676646707,1.79640718562874
"Cedar Twp",55,2,1,3.63636363636364,1.81818181818182
"Cedar Valley Twp",0,0,0,0,0
"Cedarbend Twp",0,0,0,0,0
"Center City",165,6,3,3.63636363636364,1.81818181818182
"Center Creek Twp",0,0,0,0,0
"Center Twp",110,4,2,3.63636363636364,1.81818181818182
"Centerville",260,40,44,15.3846153846154,16.9230769230769
"Ceresco Twp",520,24,16,4.61538461538462,3.07692307692308
"Cerro Gordo Twp",110,4,2,3.63636363636364,1.81818181818182
"Ceylon",0,0,0,0,0
"Champion Twp",0,0,0,0,0
"Champlin",152,16,8,10.5263157894737,5.26315789473684
"Chanarambie Twp",0,0,0,0,0
"Chandler",0,0,0,0,0
"Chanhassen",0,0,0,0,0
"Charlestown Twp",110,4,2,3.63636363636364,1.81818181818182
"Chaska",0,0,0,0,0
"Chatfield",110,4,2,3.63636363636364,1.81818181818182
"Chatfield Twp",0,0,0,0,0
"Chatham Twp",0,0,0,0,0
"Chengwatana Twp",0,0,0,0,0
"Cherry Grove Twp",0,0,0,0,0
"Cherry Twp",0,0,0,0,0
"Chester Twp",0,0,0,0,0
"Chickamaw Beach",110,4,2,3.63636363636364,1.81818181818182
"Chief Twp",0,0,0,0,0
"Chippewa Falls Twp",0,0,0,0,0
"Chisago City",990,36,18,3.63636363636364,1.81818181818182
"Chisago Lake Twp",495,18,9,3.63636363636364,1.81818181818182
"Chisholm",0,0,0,0,0
"Chokio",0,0,0,0,0
"Christiania Twp",0,0,0,0,0
"Circle Pines",0,0,0,0,0
"Clara City",495,18,9,3.63636363636364,1.81818181818182
"Claremont",0,0,0,0,0
"Claremont Twp",0,0,0,0,0
"Clarissa",0,0,0,0,0
"Clark Twp",0,0,0,0,0
"Clarkfield",0,0,0,0,0
"Clarks Grove",0,0,0,0,0
"Clay Twp",0,0,0,0,0
"Clayton Twp",0,0,0,0,0
"Clear Creek Unorg",220,8,4,3.63636363636364,1.81818181818182
"Clear Lake",0,0,0,0,0
"Clear Lake Twp",0,0,0,0,0
"Clear River / Oaks Unorg",0,0,0,0,0
"Clearbrook",0,0,0,0,0
"Clearwater",660,24,12,3.63636363636364,1.81818181818182
"Clearwater Twp",0,0,0,0,0
"Clements",110,4,2,3.63636363636364,1.81818181818182
"Cleveland",0,0,0,0,0
"Cleveland Twp",0,0,0,0,0
"Clifton Twp",55,2,1,3.63636363636364,1.81818181818182
"Climax",0,0,0,0,0
"Clinton",0,0,0,0,0
"Clinton Falls Twp",0,0,0,0,0
"Clinton Twp",0,0,0,0,0
"Clitherall",0,0,0,0,0
"Clitherall Twp",0,0,0,0,0
"Clontarf",0,0,0,0,0
"Clontarf Twp",0,0,0,0,0
"Cloquet",1155,42,21,3.63636363636364,1.81818181818182
"Clover Twp",0,0,0,0,0
"Cloverleaf Twp",0,0,0,0,0
"Clow Twp",110,4,2,3.63636363636364,1.81818181818182
"Coates",0,0,0,0,0
"Cobden",0,0,0,0,0
"Cohasset",0,0,0,0,0
"Cokato",0,0,0,0,0
"Cokato Twp",0,0,0,0,0
"Cold Spring",660,24,12,3.63636363636364,1.81818181818182
"Coleraine",0,0,0,0,0
"Colfax Twp",0,0,0,0,0
"Collegeville Twp",2640,96,48,3.63636363636364,1.81818181818182
"Collins Twp",780,36,24,4.61538461538462,3.07692307692308
"Collinwood Twp",224,8,4,3.57142857142857,1.78571428571429
"Cologne",0,0,0,0,0
"Columbia Heights",1300,200,220,15.3846153846154,16.9230769230769
"Columbia Twp",0,0,0,0,0
"Columbus",260,40,44,15.3846153846154,16.9230769230769
"Colvin Twp",0,0,0,0,0
"Comfort Twp",0,0,0,0,0
"Comfrey",166,6,3,3.6144578313253,1.80722891566265
"Como Twp",55,2,1,3.63636363636364,1.81818181818182
"Compton Twp",0,0,0,0,0
"Comstock",110,4,2,3.63636363636364,1.81818181818182
"Comstock Twp",110,4,2,3.63636363636364,1.81818181818182
"Concord Twp",0,0,0,0,0
"Conger",0,0,0,0,0
"Connelly Twp",0,0,0,0,0
"Cook",0,0,0,0,0
"Coon Creek Twp",0,0,0,0,0
"Coon Rapids",5460,840,924,15.3846153846154,16.9230769230769
"Copley Twp",0,0,0,0,0
"Corcoran",456,48,24,10.5263157894737,5.26315789473684
"Cordova Twp",0,0,0,0,0
"Corinna Twp",0,0,0,0,0
"Corliss Twp",0,0,0,0,0
"Cormant Twp",0,0,0,0,0
"Cormorant Twp",0,0,0,0,0
"Cornish Twp",59,2,2,3.38983050847458,3.38983050847458
"Corona Unorg",165,6,3,3.63636363636364,1.81818181818182
"Correll",0,0,0,0,0
"Cosmos",56,2,1,3.57142857142857,1.78571428571429
"Cosmos Twp",56,2,1,3.57142857142857,1.78571428571429
"Cottage Grove",0,0,0,0,0
"Cotton Twp",0,0,0,0,0
"Cottonwood",0,0,0,0,0
"Cottonwood Twp",0,0,0,0,0
"Courtland",165,6,3,3.63636363636364,1.81818181818182
"Courtland Twp",330,12,6,3.63636363636364,1.81818181818182
"Crab Lake Unorg",0,0,0,0,0
"Crane Lake Twp",0,0,0,0,0
"Crate Twp",0,0,0,0,0
"Credit River",0,0,0,0,0
"Croke Twp",55,2,1,3.63636363636364,1.81818181818182
"Cromwell",55,2,1,3.63636363636364,1.81818181818182
"Cromwell Twp",220,8,4,3.63636363636364,1.81818181818182
"Crooked Creek Twp",0,0,0,0,0
"Crooked Lake Twp",165,6,3,3.63636363636364,1.81818181818182
"Crooks Twp",0,0,0,0,0
"Crookston",0,0,0,0,0
"Crookston Twp",0,0,0,0,0
"Crosby",55,2,1,3.63636363636364,1.81818181818182
"Crosby Twp",0,0,0,0,0
"Crosslake",165,6,3,3.63636363636364,1.81818181818182
"Crow Lake Twp",660,24,12,3.63636363636364,1.81818181818182
"Crow River Twp",660,24,12,3.63636363636364,1.81818181818182
"Crow Wing Lake Twp",0,0,0,0,0
"Crow Wing Twp",55,2,1,3.63636363636364,1.81818181818182
"Crystal",286,30,16,10.4895104895105,5.59440559440559
"Crystal Bay Twp",0,0,0,0,0
"Cuba Twp",0,0,0,0,0
"Culdrum Twp",0,0,0,0,0
"Culver Twp",0,0,0,0,0
"Currie",0,0,0,0,0
"Cushing Twp",0,0,0,0,0
"Custer Twp",0,0,0,0,0
"Cuyuna",0,0,0,0,0
"Cyrus",0,0,0,0,0
"Daggett Brook Twp",110,4,2,3.63636363636364,1.81818181818182
"Dahlgren Twp",0,0,0,0,0
"Dailey Twp",0,0,0,0,0
"Dakota",0,0,0,0,0
"Dalbo Twp",0,0,0,0,0
"Dale Twp",0,0,0,0,0
"Dalton",0,0,0,0,0
"Dane Prairie Twp",0,0,0,0,0
"Danforth Twp",0,0,0,0,0
"Danielson Twp",111,4,2,3.6036036036036,1.8018018018018
"Danube",0,0,0,0,0
"Danvers",0,0,0,0,0
"Danville Twp",130,6,4,4.61538461538462,3.07692307692308
"Darfur",0,0,0,0,0
"Dark River Unorg",0,0,0,0,0
"Darling Twp",0,0,0,0,0
"Darnen Twp",0,0,0,0,0
"Darwin",224,10,6,4.46428571428571,2.67857142857143
"Darwin Twp",111,4,2,3.6036036036036,1.8018018018018
"Dassel",112,4,4,3.57142857142857,3.57142857142857
"Dassel Twp",112,4,2,3.57142857142857,1.78571428571429
"Davidson Unorg",0,0,0,0,0
"Davis Twp",110,4,2,3.63636363636364,1.81818181818182
"Dawson",0,0,0,0,0
"Dayton",228,24,12,10.5263157894737,5.26315789473684
"DeGraff",0,0,0,0,0
"Dead Lake Twp",0,0,0,0,0
"Dean Lake Unorg",0,0,0,0,0
"Decoria Twp",740,32,20,4.32432432432432,2.7027027027027
"Deephaven",95,10,5,10.5263157894737,5.26315789473684
"Deer Creek",0,0,0,0,0
"Deer Creek Twp",0,0,0,0,0
"Deer Lake Unorg",0,0,0,0,0
"Deer Park Twp",0,0,0,0,0
"Deer River",0,0,0,0,0
"Deer River Twp",0,0,0,0,0
"Deer Twp",0,0,0,0,0
"Deerfield Twp",110,4,2,3.63636363636364,1.81818181818182
"Deerhorn Twp",0,0,0,0,0
"Deerwood",0,0,0,0,0
"Deerwood Twp",165,6,3,3.63636363636364,1.81818181818182
"Delafield Twp",0,0,0,0,0
"Delano",0,0,0,0,0
"Delavan",0,0,0,0,0
"Delavan Twp",0,0,0,0,0
"Delaware Twp",0,0,0,0,0
"Delhi",110,4,2,3.63636363636364,1.81818181818182
"Delhi Twp",110,4,2,3.63636363636364,1.81818181818182
"Dell Grove Twp",0,0,0,0,0
"Dellwood",0,0,0,0,0
"Delton Twp",0,0,0,0,0
"Denham",0,0,0,0,0
"Denmark Twp",0,0,0,0,0
"Dennison",220,8,4,3.63636363636364,1.81818181818182
"Dent",0,0,0,0,0
"Denver Twp",0,0,0,0,0
"Derrynane Twp",0,0,0,0,0
"Des Moines River Twp",0,0,0,0,0
"Des Moines Twp",0,0,0,0,0
"Detroit Lakes",0,0,0,0,0
"Detroit Twp",0,0,0,0,0
"Dewald Twp",0,0,0,0,0
"Dewey Twp",0,0,0,0,0
"Dexter",0,0,0,0,0
"Dexter Twp",0,0,0,0,0
"Diamond Lake Twp",0,0,0,0,0
"Dieter Twp",0,0,0,0,0
"Dilworth",330,12,6,3.63636363636364,1.81818181818182
"Dodge Center",0,0,0,0,0
"Dollymount Twp",55,2,1,3.63636363636364,1.81818181818182
"Donaldson",55,2,1,3.63636363636364,1.81818181818182
"Donnelly",0,0,0,0,0
"Donnelly Twp",55,2,1,3.63636363636364,1.81818181818182
"Dora Twp",0,0,0,0,0
"Doran",0,0,0,0,0
"Douglas Twp",0,0,0,0,0
"Dover",110,4,2,3.63636363636364,1.81818181818182
"Dover Twp",220,8,4,3.63636363636364,1.81818181818182
"Dovray",0,0,0,0,0
"Dovray Twp",0,0,0,0,0
"Dovre Twp",0,0,0,0,0
"Drammen Twp",0,0,0,0,0
"Dresbach Twp",0,0,0,0,0
"Dryden Twp",118,4,2,3.38983050847458,1.69491525423729
"Dublin Twp",0,0,0,0,0
"Dudley Twp",0,0,0,0,0
"Duluth",0,0,0,0,0
"Duluth Twp",0,0,0,0,0
"Dumont",55,2,1,3.63636363636364,1.81818181818182
"Dunbar Twp",0,0,0,0,0
"Dundas",220,8,4,3.63636363636364,1.81818181818182
"Dundee",0,0,0,0,0
"Dunn Twp",0,0,0,0,0
"Dunnell",0,0,0,0,0
"Durand Twp",0,0,0,0,0
"Eagan",6105,999,1110,16.3636363636364,18.1818181818182
"Eagle Bend",0,0,0,0,0
"Eagle Lake",185,8,5,4.32432432432432,2.7027027027027
"Eagle Lake Twp",0,0,0,0,0
"Eagle Point Twp",55,2,1,3.63636363636364,1.81818181818182
"Eagle Twp",165,6,3,3.63636363636364,1.81818181818182
"Eagle Valley Twp",0,0,0,0,0
"Eagle View Twp",0,0,0,0,0
"Eagles Nest Twp",0,0,0,0,0
"East Bethel",1040,160,176,15.3846153846154,16.9230769230769
"East Chain Twp",0,0,0,0,0
"East Cook Unorg",0,0,0,0,0
"East Grand Forks",0,0,0,0,0
"East Gull Lake",275,10,5,3.63636363636364,1.81818181818182
"East Koochiching Unorg",330,12,6,3.63636363636364,1.81818181818182
"East Lake Lillian Twp",0,0,0,0,0
"East Park Twp",110,4,2,3.63636363636364,1.81818181818182
"East Side Twp",0,0,0,0,0
"East Valley Twp",165,6,3,3.63636363636364,1.81818181818182
"Eastern Twp",0,0,0,0,0
"Easton",0,0,0,0,0
"Echo",0,0,0,0,0
"Echo Twp",0,0,0,0,0
"Eckles Twp",0,0,0,0,0
"Eckvoll Twp",110,4,2,3.63636363636364,1.81818181818182
"Eddy Twp",0,0,0,0,0
"Eden Lake Twp",1980,72,36,3.63636363636364,1.81818181818182
"Eden Prairie",1748,184,92,10.5263157894737,5.26315789473684
"Eden Twp",330,12,6,3.63636363636364,1.81818181818182
"Eden Valley",772,28,14,3.62694300518135,1.81347150259067
"Edgerton",0,0,0,0,0
"Edina",608,64,32,10.5263157894737,5.26315789473684
"Edison Twp",0,0,0,0,0
"Edna Twp",0,0,0,0,0
"Edwards Twp",0,0,0,0,0
"Effie",0,0,0,0,0
"Effington Twp",0,0,0,0,0
"Eglon Twp",330,12,6,3.63636363636364,1.81818181818182
"Eidsvold Twp",0,0,0,0,0
"Eitzen",0,0,0,0,0
"Elba",0,0,0,0,0
"Elba Twp",0,0,0,0,0
"Elbow Lake",0,0,0,0,0
"Elbow Lake Twp",0,0,0,0,0
"Eldorado Twp",0,0,0,0,0
"Elgin",0,0,0,0,0
"Elgin Twp",0,0,0,0,0
"Elizabeth",0,0,0,0,0
"Elizabeth Twp",0,0,0,0,0
"Elk Lake Twp",0,0,0,0,0
"Elk River",0,0,0,0,0
"Elk Twp",0,0,0,0,0
"Elko New Market",0,0,0,0,0
"Elkton",0,0,0,0,0
"Elkton Twp",330,12,6,3.63636363636364,1.81818181818182
"Ellendale",0,0,0,0,0
"Ellington Twp",0,0,0,0,0
"Ellsborough Twp",0,0,0,0,0
"Ellsburg Twp",0,0,0,0,0
"Ellsworth",0,0,0,0,0
"Ellsworth Twp",166,7,3,4.21686746987952,1.80722891566265
"Elm Creek Twp",0,0,0,0,0
"Elmdale",0,0,0,0,0
"Elmdale Twp",0,0,0,0,0
"Elmer Twp",0,0,0,0,0
"Elmira Twp",330,12,6,3.63636363636364,1.81818181818182
"Elmo Twp",0,0,0,0,0
"Elmore",0,0,0,0,0
"Elmore Twp",0,0,0,0,0
"Elmwood Twp",495,18,9,3.63636363636364,1.81818181818182
"Elrosa",660,24,12,3.63636363636364,1.81818181818182
"Ely",0,0,0,0,0
"Elysian",110,4,2,3.63636363636364,1.81818181818182
"Elysian Twp",0,0,0,0,0
"Emardville Twp",0,0,0,0,0
"Embarrass Twp",0,0,0,0,0
"Emerald Twp",0,0,0,0,0
"Emily",55,2,1,3.63636363636364,1.81818181818182
"Emmet Twp",0,0,0,0,0
"Emmons",0,0,0,0,0
"Empire Twp",0,0,0,0,0
"Enstrom Twp",0,0,0,0,0
"Enterprise Twp",0,0,0,0,0
"Equality Twp",0,0,0,0,0
"Erdahl Twp",0,0,0,0,0
"Erhard",0,0,0,0,0
"Erhards Grove Twp",0,0,0,0,0
"Ericson Twp",0,0,0,0,0
"Erie Twp",0,0,0,0,0
"Erin Twp",880,32,16,3.63636363636364,1.81818181818182
"Erskine",0,0,0,0,0
"Espelie Twp",110,4,2,3.63636363636364,1.81818181818182
"Esther Twp",0,0,0,0,0
"Euclid Twp",0,0,0,0,0
"Eureka Twp",0,0,0,0,0
"Evan",0,0,0,0,0
"Evansville",0,0,0,0,0
"Evansville Twp",0,0,0,0,0
"Eveleth",0,0,0,0,0
"Everglade Twp",0,0,0,0,0
"Evergreen Twp",0,0,0,0,0
"Everts Twp",0,0,0,0,0
"Ewington Twp",0,0,0,0,0
"Excel Twp",110,4,2,3.63636363636364,1.81818181818182
"Excelsior",57,6,3,10.5263157894737,5.26315789473684
"Eyota",110,4,2,3.63636363636364,1.81818181818182
"Eyota Twp",220,8,4,3.63636363636364,1.81818181818182
"Fahlun Twp",0,0,0,0,0
"Fair Haven Twp",1980,72,36,3.63636363636364,1.81818181818182
"Fairbanks Twp",0,0,0,0,0
"Fairfax",0,0,0,0,0
"Fairfax Twp",0,0,0,0,0
"Fairfield Twp",110,4,2,3.63636363636364,1.81818181818182
"Fairmont",0,0,0,0,0
"Fairmont Twp",0,0,0,0,0
"Fairview Twp",165,6,3,3.63636363636364,1.81818181818182
"Falcon Heights",330,12,6,3.63636363636364,1.81818181818182
"Falk Twp",0,0,0,0,0
"Fall Lake Twp",0,0,0,0,0
"Falun Twp",0,0,0,0,0
"Fanny Twp",0,0,0,0,0
"Farden Twp",0,0,0,0,0
"Faribault",880,32,16,3.63636363636364,1.81818181818182
"Farley Twp",0,0,0,0,0
"Farm Island Twp",0,0,0,0,0
"Farming Twp",1980,72,36,3.63636363636364,1.81818181818182
"Farmington",0,0,0,0,0
"Farmington Twp",220,8,4,3.63636363636364,1.81818181818182
"Farwell",0,0,0,0,0
"Fawn Lake Twp",0,0,0,0,0
"Faxon Twp",118,5,3,4.23728813559322,2.54237288135593
"Fayal Twp",0,0,0,0,0
"Featherstone Twp",0,0,0,0,0
"Federal Dam",110,4,2,3.63636363636364,1.81818181818182
"Feeley Twp",0,0,0,0,0
"Felton",165,6,3,3.63636363636364,1.81818181818182
"Felton Twp",220,8,4,3.63636363636364,1.81818181818182
"Fenton Twp",0,0,0,0,0
"Fergus Falls",0,0,0,0,0
"Fergus Falls Twp",0,0,0,0,0
"Fern Twp",0,0,0,0,0
"Fertile",0,0,0,0,0
"Field Twp",0,0,0,0,0
"Fieldon Twp",0,0,0,0,0
"Fifty Lakes",55,2,1,3.63636363636364,1.81818181818182
"Fillmore Twp",0,0,0,0,0
"Fine Lakes Twp",0,0,0,0,0
"Finlayson",0,0,0,0,0
"Finlayson Twp",0,0,0,0,0
"Fish Lake Twp",495,18,9,3.63636363636364,1.81818181818182
"Fisher",0,0,0,0,0
"Fisher Twp",0,0,0,0,0
"Fleming Twp",0,0,0,0,0
"Flensburg",0,0,0,0,0
"Flom Twp",0,0,0,0,0
"Floodwood",0,0,0,0,0
"Floodwood Twp",0,0,0,0,0
"Flora Twp",0,0,0,0,0
"Florence",0,0,0,0,0
"Florence Twp",0,0,0,0,0
"Florida Twp",0,0,0,0,0
"Flowing Twp",330,12,6,3.63636363636364,1.81818181818182
"Foldahl Twp",165,6,3,3.63636363636364,1.81818181818182
"Folden Twp",0,0,0,0,0
"Foley",0,0,0,0,0
"Folsom Twp",55,2,1,3.63636363636364,1.81818181818182
"Forada",0,0,0,0,0
"Ford Twp",0,0,0,0,0
"Forest City Twp",56,2,2,3.57142857142857,3.57142857142857
"Forest Lake",0,0,0,0,0
"Forest Prairie Twp",334,14,6,4.19161676646707,1.79640718562874
"Forest Twp",880,32,16,3.63636363636364,1.81818181818182
"Foreston",0,0,0,0,0
"Forestville Twp",0,0,0,0,0
"Fork Twp",110,4,2,3.63636363636364,1.81818181818182
"Fort Ripley",0,0,0,0,0
"Fort Ripley Twp",55,2,1,3.63636363636364,1.81818181818182
"Fort Snelling Unorg",57,6,3,10.5263157894737,5.26315789473684
"Fortier Twp",0,0,0,0,0
"Fosston",0,0,0,0,0
"Fossum Twp",0,0,0,0,0
"Foster Twp",0,0,0,0,0
"Fountain",0,0,0,0,0
"Fountain Prairie Twp",0,0,0,0,0
"Fountain Twp",0,0,0,0,0
"Fox Lake Twp",0,0,0,0,0
"Foxhome",0,0,0,0,0
"Foxhome Twp",0,0,0,0,0
"Framnas Twp",55,2,1,3.63636363636364,1.81818181818182
"Franconia Twp",330,12,6,3.63636363636364,1.81818181818182
"Frankford Twp",0,0,0,0,0
"Franklin",0,0,0,0,0
"Franklin Twp",0,0,0,0,0
"Fraser Twp",0,0,0,0,0
"Frazee",0,0,0,0,0
"Fredenberg Twp",0,0,0,0,0
"Freeborn",0,0,0,0,0
"Freeborn Twp",0,0,0,0,0
"Freedom Twp",165,6,3,3.63636363636364,1.81818181818182
"Freeland Twp",110,4,2,3.63636363636364,1.81818181818182
"Freeman Twp",0,0,0,0,0
"Freeport",660,24,12,3.63636363636364,1.81818181818182
"Fremont Twp",0,0,0,0,0
"French Lake Twp",0,0,0,0,0
"French Twp",0,0,0,0,0
"Friberg Twp",0,0,0,0,0
"Fridley",3640,560,616,15.3846153846154,16.9230769230769
"Friendship Twp",0,0,0,0,0
"Frohn Twp",0,0,0,0,0
"Frost",0,0,0,0,0
"Fulda",0,0,0,0,0
"Funkley",0,0,0,0,0
"Gail Lake Twp",0,0,0,0,0
"Galena Twp",0,0,0,0,0
"Gales Twp",330,12,6,3.63636363636364,1.81818181818182
"Garden City Twp",130,6,4,4.61538461538462,3.07692307692308
"Garden Twp",0,0,0,0,0
"Garfield",0,0,0,0,0
"Garfield Twp",55,2,1,3.63636363636364,1.81818181818182
"Garnes Twp",0,0,0,0,0
"Garrison",0,0,0,0,0
"Garrison Twp",110,4,2,3.63636363636364,1.81818181818182
"Garvin",0,0,0,0,0
"Gary",0,0,0,0,0
"Gaylord",118,6,4,5.08474576271187,3.38983050847458
"Gem Lake",165,6,3,3.63636363636364,1.81818181818182
"Geneva",0,0,0,0,0
"Geneva Twp",0,0,0,0,0
"Gennessee Twp",0,0,0,0,0
"Genola",0,0,0,0,0
"Gentilly Twp",0,0,0,0,0
"Georgetown",110,4,2,3.63636363636364,1.81818181818182
"Georgetown Twp",495,18,9,3.63636363636364,1.81818181818182
"Germania Twp",0,0,0,0,0
"Germantown Twp",0,0,0,0,0
"Gervais Twp",0,0,0,0,0
"Getty Twp",1980,72,36,3.63636363636364,1.81818181818182
"Gheen Unorg",0,0,0,0,0
"Ghent",0,0,0,0,0
"Gibbon",118,4,4,3.38983050847458,3.38983050847458
"Gilbert",0,0,0,0,0
"Gilchrist Twp",0,0,0,0,0
"Gillford Twp",0,0,0,0,0
"Gilman",0,0,0,0,0
"Gilmanton Twp",0,0,0,0,0
"Girard Twp",0,0,0,0,0
"Glasgow Twp",0,0,0,0,0
"Glen Twp",0,0,0,0,0
"Glencoe",1040,48,32,4.61538461538462,3.07692307692308
"Glencoe Twp",260,12,8,4.61538461538462,3.07692307692308
"Glendorado Twp",0,0,0,0,0
"Glenville",0,0,0,0,0
"Glenwood",0,0,0,0,0
"Glenwood Twp",0,0,0,0,0
"Glyndon",165,6,3,3.63636363636364,1.81818181818182
"Glyndon Twp",330,12,6,3.63636363636364,1.81818181818182
"Gnesen Twp",0,0,0,0,0
"Godfrey Twp",0,0,0,0,0
"Golden Valley",304,31,17,10.1973684210526,5.5921052631579
"Golden Valley Twp",0,0,0,0,0
"Gonvick",0,0,0,0,0
"Good Hope Twp",0,0,0,0,0
"Good Thunder",130,6,4,4.61538461538462,3.07692307692308
"Goodhue",0,0,0,0,0
"Goodhue Twp",0,0,0,0,0
"Goodland Twp",0,0,0,0,0
"Goodridge",0,0,0,0,0
"Goodridge Twp",0,0,0,0,0
"Goodview",0,0,0,0,0
"Goose Prairie Twp",110,4,2,3.63636363636364,1.81818181818182
"Gordon Twp",0,0,0,0,0
"Gorman Twp",0,0,0,0,0
"Gorton Twp",0,0,0,0,0
"Gould Twp",110,4,2,3.63636363636364,1.81818181818182
"Grace Twp",0,0,0,0,0
"Graceville",0,0,0,0,0
"Graceville Twp",0,0,0,0,0
"Grafton Twp",236,8,4,3.38983050847458,1.69491525423729
"Graham Lakes Twp",0,0,0,0,0
"Graham Twp",0,0,0,0,0
"Gran Unorg",0,0,0,0,0
"Granada",0,0,0,0,0
"Granby Twp",110,4,2,3.63636363636364,1.81818181818182
"Grand Forks Twp",0,0,0,0,0
"Grand Lake Twp",0,0,0,0,0
"Grand Marais",0,0,0,0,0
"Grand Meadow",0,0,0,0,0
"Grand Meadow Twp",0,0,0,0,0
"Grand Plain Twp",110,4,2,3.63636363636364,1.81818181818182
"Grand Portage Unorg",0,0,0,0,0
"Grand Prairie Twp",0,0,0,0,0
"Grand Rapids",0,0,0,0,0
"Grandview Twp",0,0,0,0,0
"Grange Twp",0,0,0,0,0
"Granite Falls",165,6,3,3.63636363636364,1.81818181818182
"Granite Falls Twp",660,24,12,3.63636363636364,1.81818181818182
"Granite Ledge Twp",0,0,0,0,0
"Granite Rock Twp",330,12,6,3.63636363636364,1.81818181818182
"Granite Twp",0,0,0,0,0
"Grant",0,0,0,0,0
"Grant Valley Twp",0,0,0,0,0
"Granville Twp",110,4,2,3.63636363636364,1.81818181818182
"Grass Lake Twp",0,0,0,0,0
"Grasston",0,0,0,0,0
"Grattan Twp",0,0,0,0,0
"Grave Lake Unorg",0,0,0,0,0
"Gray Twp",0,0,0,0,0
"Great Bend Twp",0,0,0,0,0
"Great Scott Twp",0,0,0,0,0
"Green Isle",59,3,2,5.08474576271187,3.38983050847458
"Green Isle Twp",236,10,6,4.23728813559322,2.54237288135593
"Green Lake Twp",0,0,0,0,0
"Green Meadow Twp",0,0,0,0,0
"Green Prairie Twp",0,0,0,0,0
"Green Valley Twp",0,0,0,0,0
"Greenbush",0,0,0,0,0
"Greenbush Twp",0,0,0,0,0
"Greenfield",171,18,9,10.5263157894737,5.26315789473684
"Greenfield Twp",0,0,0,0,0
"Greenleaf Twp",224,8,6,3.57142857142857,2.67857142857143
"Greenvale Twp",120,19,21,15.8333333333333,17.5
"Greenwald",660,24,12,3.63636363636364,1.81818181818182
"Greenway Twp",0,0,0,0,0
"Greenwood",57,6,3,10.5263157894737,5.26315789473684
"Greenwood Twp",0,0,0,0,0
"Gregory Twp",0,0,0,0,0
"Grey Cloud Island Twp",0,0,0,0,0
"Grey Eagle",0,0,0,0,0
"Grey Eagle Twp",0,0,0,0,0
"Grimstad Twp",0,0,0,0,0
"Grove City",110,4,2,3.63636363636364,1.81818181818182
"Grove Lake Twp",0,0,0,0,0
"Grove Park-Tilden Twp",0,0,0,0,0
"Grove Twp",660,24,12,3.63636363636364,1.81818181818182
"Grygla",55,2,1,3.63636363636364,1.81818181818182
"Gully",0,0,0,0,0
"Gully Twp",0,0,0,0,0
"Guthrie Twp",0,0,0,0,0
"Hackensack",165,6,3,3.63636363636364,1.81818181818182
"Hadley",0,0,0,0,0
"Hagali Twp",0,0,0,0,0
"Hagen Twp",330,12,6,3.63636363636364,1.81818181818182
"Halden Twp",0,0,0,0,0
"Hale Twp",260,12,8,4.61538461538462,3.07692307692308
"Hallock",110,4,2,3.63636363636364,1.81818181818182
"Hallock Twp",55,2,1,3.63636363636364,1.81818181818182
"Halma",55,2,1,3.63636363636364,1.81818181818182
"Halstad",0,0,0,0,0
"Halstad Twp",0,0,0,0,0
"Ham Lake",2080,320,352,15.3846153846154,16.9230769230769
"Hamburg",0,0,0,0,0
"Hamden Twp",0,0,0,0,0
"Hamlin Twp",110,4,2,3.63636363636364,1.81818181818182
"Hammer Twp",0,0,0,0,0
"Hammond",0,0,0,0,0
"Hammond Twp",0,0,0,0,0
"Hampden Twp",110,4,2,3.63636363636364,1.81818181818182
"Hampton",220,36,40,16.3636363636364,18.1818181818182
"Hampton Twp",0,0,0,0,0
"Hamre Twp",0,0,0,0,0
"Hancock",0,0,0,0,0
"Hancock Twp",0,0,0,0,0
"Hangaard Twp",0,0,0,0,0
"Hanley Falls",0,0,0,0,0
"Hanover",0,0,0,0,0
"Hanska",0,0,0,0,0
"Hansonville Twp",0,0,0,0,0
"Hantho Twp",55,2,1,3.63636363636364,1.81818181818182
"Harding",0,0,0,0,0
"Hardwick",0,0,0,0,0
"Hardwood South Unorg",110,4,2,3.63636363636364,1.81818181818182
"Harmony",0,0,0,0,0
"Harmony Twp",0,0,0,0,0
"Harris",330,12,6,3.63636363636364,1.81818181818182
"Harris Twp",0,0,0,0,0
"Harrison Twp",0,0,0,0,0
"Hart Lake Twp",0,0,0,0,0
"Hart Twp",0,0,0,0,0
"Hartford Twp",0,0,0,0,0
"Hartland",0,0,0,0,0
"Hartland Twp",0,0,0,0,0
"Harvey Twp",111,5,2,4.5045045045045,1.8018018018018
"Hassan Valley Twp",520,24,16,4.61538461538462,3.07692307692308
"Hastings",0,0,0,0,0
"Hatfield",0,0,0,0,0
"Haugen Twp",0,0,0,0,0
"Havana Twp",0,0,0,0,0
"Havelock Twp",0,0,0,0,0
"Haven Twp",0,0,0,0,0
"Haverhill Twp",220,8,4,3.63636363636364,1.81818181818182
"Hawk Creek Twp",0,0,0,0,0
"Hawley",165,6,3,3.63636363636364,1.81818181818182
"Hawley Twp",110,4,2,3.63636363636364,1.81818181818182
"Hay Brook Twp",0,0,0,0,0
"Hay Creek Twp",0,0,0,0,0
"Hay Lake Unorg",0,0,0,0,0
"Hayes Twp",0,0,0,0,0
"Hayfield",0,0,0,0,0
"Hayfield Twp",0,0,0,0,0
"Hayland Twp",0,0,0,0,0
"Hayward",0,0,0,0,0
"Hayward Twp",0,0,0,0,0
"Hazel Run",0,0,0,0,0
"Hazel Run Twp",0,0,0,0,0
"Hazelton Twp",165,6,3,3.63636363636364,1.81818181818182
"Hector",0,0,0,0,0
"Hector Twp",0,0,0,0,0
"Hegbert Twp",0,0,0,0,0
"Hegne Twp",0,0,0,0,0
"Heidelberg",0,0,0,0,0
"Heier Twp",0,0,0,0,0
"Height of Land Twp",0,0,0,0,0
"Heikkala Lake Unorg",0,0,0,0,0
"Helen Twp",260,12,8,4.61538461538462,3.07692307692308
"Helena Twp",0,0,0,0,0
"Helga Twp",0,0,0,0,0
"Helgeland Twp",0,0,0,0,0
"Henderson",118,4,2,3.38983050847458,1.69491525423729
"Henderson Twp",59,2,1,3.38983050847458,1.69491525423729
"Hendricks",0,0,0,0,0
"Hendricks Twp",0,0,0,0,0
"Hendrickson Twp",0,0,0,0,0
"Hendrum",0,0,0,0,0
"Hendrum Twp",0,0,0,0,0
"Henning",0,0,0,0,0
"Henning Twp",0,0,0,0,0
"Henrietta Twp",0,0,0,0,0
"Henriette",0,0,0,0,0
"Henryville Twp",0,0,0,0,0
"Hereim Twp",0,0,0,0,0
"Herman",0,0,0,0,0
"Hermantown",0,0,0,0,0
"Heron Lake",0,0,0,0,0
"Heron Lake Twp",0,0,0,0,0
"Hersey Twp",0,0,0,0,0
"Hewitt",0,0,0,0,0
"Hibbing",0,0,0,0,0
"Hickory Twp",0,0,0,0,0
"Higdem Twp",0,0,0,0,0
"High Forest Twp",330,12,6,3.63636363636364,1.81818181818182
"Highland Grove Twp",330,12,6,3.63636363636364,1.81818181818182
"Highland Twp",0,0,0,0,0
"Highlanding Twp",0,0,0,0,0
"Highwater Twp",0,0,0,0,0
"Hill City",0,0,0,0,0
"Hill Lake Twp",0,0,0,0,0
"Hill River Twp",0,0,0,0,0
"Hill Twp",55,2,1,3.63636363636364,1.81818181818182
"Hillman",0,0,0,0,0
"Hillman Twp",0,0,0,0,0
"Hills",110,4,2,3.63636363636364,1.81818181818182
"Hillsdale Twp",0,0,0,0,0
"Hilltop",0,0,0,0,0
"Hinckley",0,0,0,0,0
"Hinckley Twp",0,0,0,0,0
"Hines Twp",0,0,0,0,0
"Hiram Twp",165,6,3,3.63636363636364,1.81818181818182
"Hitterdal",110,4,2,3.63636363636364,1.81818181818182
"Hobart Twp",0,0,0,0,0
"Hodges Twp",0,0,0,0,0
"Hoff Twp",0,0,0,0,0
"Hoffman",0,0,0,0,0
"Hokah",0,0,0,0,0
"Hokah Twp",0,0,0,0,0
"Holden Twp",0,0,0,0,0
"Holding Twp",1320,48,24,3.63636363636364,1.81818181818182
"Holdingford",660,24,12,3.63636363636364,1.81818181818182
"Holland",0,0,0,0,0
"Holland Twp",0,0,0,0,0
"Hollandale",0,0,0,0,0
"Holloway",0,0,0,0,0
"Holly Twp",0,0,0,0,0
"Hollywood Twp",0,0,0,0,0
"Holmes City Twp",0,0,0,0,0
"Holmesville Twp",0,0,0,0,0
"Holst Twp",0,0,0,0,0
"Holt",55,2,1,3.63636363636364,1.81818181818182
"Holt Twp",110,4,2,3.63636363636364,1.81818181818182
"Holy Cross Twp",220,8,4,3.63636363636364,1.81818181818182
"Holyoke Twp",55,2,1,3.63636363636364,1.81818181818182
"Home Brook Twp",330,12,6,3.63636363636364,1.81818181818182
"Home Lake Twp",0,0,0,0,0
"Home Twp",0,0,0,0,0
"Homer Twp",0,0,0,0,0
"Homestead Twp",0,0,0,0,0
"Hope Twp",0,0,0,0,0
"Hopkins",494,52,26,10.5263157894737,5.26315789473684
"Hornet Twp",0,0,0,0,0
"Horton Twp",165,6,3,3.63636363636364,1.81818181818182
"Houston",0,0,0,0,0
"Houston Twp",0,0,0,0,0
"Howard Lake",0,0,0,0,0
"Hoyt Lakes",0,0,0,0,0
"Hubbard Twp",0,0,0,0,0
"Hudson Twp",0,0,0,0,0
"Hugo",0,0,0,0,0
"Humboldt",55,2,1,3.63636363636364,1.81818181818182
"Humboldt Twp",110,4,2,3.63636363636364,1.81818181818182
"Hunter Twp",0,0,0,0,0
"Huntersville Twp",0,0,0,0,0
"Huntly Twp",110,4,2,3.63636363636364,1.81818181818182
"Huntsville Twp",0,0,0,0,0
"Hush Lake Unorg",0,0,0,0,0
"Huss Twp",0,0,0,0,0
"Hutchinson",780,36,24,4.61538461538462,3.07692307692308
"Hutchinson Twp",520,24,16,4.61538461538462,3.07692307692308
"Hyde Park Twp",0,0,0,0,0
"Ida Twp",0,0,0,0,0
"Ideal Twp",110,4,2,3.63636363636364,1.81818181818182
"Idun Twp",0,0,0,0,0
"Ihlen",0,0,0,0,0
"Independence",0,0,0,0,0
"Indian Lake Twp",0,0,0,0,0
"Industrial Twp",0,0,0,0,0
"Inger Unorg",0,0,0,0,0
"Inguadona Twp",110,4,2,3.63636363636364,1.81818181818182
"Inman Twp",0,0,0,0,0
"International Falls",330,12,6,3.63636363636364,1.81818181818182
"Inver Grove Heights",2255,369,410,16.3636363636364,18.1818181818182
"Iona",0,0,0,0,0
"Iona Twp",0,0,0,0,0
"Iosco Twp",495,18,9,3.63636363636364,1.81818181818182
"Iron Junction",0,0,0,0,0
"Irondale Twp",55,2,1,3.63636363636364,1.81818181818182
"Ironton",55,2,1,3.63636363636364,1.81818181818182
"Irving Twp",0,0,0,0,0
"Isanti",0,0,0,0,0
"Isanti Twp",0,0,0,0,0
"Island Lake Twp",0,0,0,0,0
"Isle",0,0,0,0,0
"Isle Harbor Twp",0,0,0,0,0
"Itasca Twp",0,0,0,0,0
"Ivanhoe",0,0,0,0,0
"Jackson",0,0,0,0,0
"Jackson Twp",0,0,0,0,0
"Jadis Twp",0,0,0,0,0
"Jadis Unorg",0,0,0,0,0
"Jamestown Twp",519,24,16,4.6242774566474,3.08285163776493
"Janesville",165,6,3,3.63636363636364,1.81818181818182
"Janesville Twp",330,12,6,3.63636363636364,1.81818181818182
"Janette Lake Unorg",0,0,0,0,0
"Jasper",0,0,0,0,0
"Jay Twp",0,0,0,0,0
"Jeffers",0,0,0,0,0
"Jefferson Twp",0,0,0,0,0
"Jenkins",0,0,0,0,0
"Jenkins Twp",0,0,0,0,0
"Jessenland Twp",236,12,8,5.08474576271187,3.38983050847458
"Jevne Twp",0,0,0,0,0
"Jewett Unorg",0,0,0,0,0
"Jo Daviess Twp",0,0,0,0,0
"Johnson",0,0,0,0,0
"Johnson Twp",0,0,0,0,0
"Johnsonville Twp",330,12,6,3.63636363636364,1.81818181818182
"Jones Twp",0,0,0,0,0
"Jordan",0,0,0,0,0
"Jordan Twp",0,0,0,0,0
"Judson Twp",390,18,12,4.61538461538462,3.07692307692308
"Jupiter Twp",110,4,2,3.63636363636364,1.81818181818182
"Kabetogama Twp",0,0,0,0,0
"Kalevala Twp",110,4,2,3.63636363636364,1.81818181818182
"Kalmar Twp",330,12,6,3.63636363636364,1.81818181818182
"Kanabec Twp",0,0,0,0,0
"Kanaranzi Twp",0,0,0,0,0
"Kandiyohi",0,0,0,0,0
"Kandiyohi Twp",0,0,0,0,0
"Kandota Twp",0,0,0,0,0
"Karlstad",110,4,2,3.63636363636364,1.81818181818182
"Kasota",0,0,0,0,0
"Kasota Twp",0,0,0,0,0
"Kasson",0,0,0,0,0
"Kathio Twp",0,0,0,0,0
"Keene Twp",330,12,6,3.63636363636364,1.81818181818182
"Keewatin",0,0,0,0,0
"Kego Twp",165,6,3,3.63636363636364,1.81818181818182
"Kelliher",0,0,0,0,0
"Kelliher Twp",0,0,0,0,0
"Kellogg",0,0,0,0,0
"Kelsey Twp",0,0,0,0,0
"Kelso Twp",236,10,4,4.23728813559322,1.69491525423729
"Kennedy",55,2,1,3.63636363636364,1.81818181818182
"Kenneth",0,0,0,0,0
"Kensington",0,0,0,0,0
"Kent",0,0,0,0,0
"Kenyon",0,0,0,0,0
"Kenyon Twp",0,0,0,0,0
"Kerkhoven",0,0,0,0,0
"Kerkhoven Twp",0,0,0,0,0
"Kerrick",0,0,0,0,0
"Kerrick Twp",0,0,0,0,0
"Kertsonville Twp",0,0,0,0,0
"Kettle River",55,2,1,3.63636363636364,1.81818181818182
"Kettle River Twp",0,0,0,0,0
"Keystone Twp",0,0,0,0,0
"Kiester",0,0,0,0,0
"Kiester Twp",0,0,0,0,0
"Kildare Twp",0,0,0,0,0
"Kilkenny",0,0,0,0,0
"Kilkenny Twp",0,0,0,0,0
"Kimball",660,24,12,3.63636363636364,1.81818181818182
"Kimball Twp",0,0,0,0,0
"Kimberly Twp",0,0,0,0,0
"Kinbrae",0,0,0,0,0
"King Twp",0,0,0,0,0
"Kinghurst Twp",0,0,0,0,0
"Kingman Twp",0,0,0,0,0
"Kingston",56,2,1,3.57142857142857,1.78571428571429
"Kingston Twp",444,16,8,3.6036036036036,1.8018018018018
"Kinney",0,0,0,0,0
"Kintire Twp",110,4,2,3.63636363636364,1.81818181818182
"Klondike Unorg",110,4,2,3.63636363636364,1.81818181818182
"Knife Lake Twp",0,0,0,0,0
"Knute Twp",0,0,0,0,0
"Kragero Twp",0,0,0,0,0
"Kragnes Twp",330,12,6,3.63636363636364,1.81818181818182
"Krain Twp",2640,96,48,3.63636363636364,1.81818181818182
"Kratka Twp",0,0,0,0,0
"Kroschel Twp",0,0,0,0,0
"Kugler Twp",0,0,0,0,0
"Kurtz Twp",110,4,2,3.63636363636364,1.81818181818182
"La Crescent",0,0,0,0,0
"La Crescent Twp",0,0,0,0,0
"La Crosse Twp",0,0,0,0,0
"La Garde Twp",330,12,6,3.63636363636364,1.81818181818182
"La Grand Twp",0,0,0,0,0
"La Prairie",0,0,0,0,0
"La Prairie Twp",0,0,0,0,0
"La Salle",0,0,0,0,0
"Lac qui Parle Twp",165,6,3,3.63636363636364,1.81818181818182
"Lafayette",110,4,2,3.63636363636364,1.81818181818182
"Lafayette Twp",220,8,4,3.63636363636364,1.81818181818182
"Lake Alice Twp",0,0,0,0,0
"Lake Andrew Twp",0,0,0,0,0
"Lake Belt Twp",0,0,0,0,0
"Lake Benton",0,0,0,0,0
"Lake Benton Twp",0,0,0,0,0
"Lake Bronson",55,2,1,3.63636363636364,1.81818181818182
"Lake City",0,0,0,0,0
"Lake County Territory 1 Unorg",0,0,0,0,0
"Lake County Territory 2 Unorg",0,0,0,0,0
"Lake Crystal",185,8,5,4.32432432432432,2.7027027027027
"Lake Edward Twp",165,6,3,3.63636363636364,1.81818181818182
"Lake Elizabeth Twp",0,0,0,0,0
"Lake Elmo",0,0,0,0,0
"Lake Emma Twp",0,0,0,0,0
"Lake Eunice Twp",0,0,0,0,0
"Lake Fremont Twp",0,0,0,0,0
"Lake George Twp",1980,72,36,3.63636363636364,1.81818181818182
"Lake Grove Twp",0,0,0,0,0
"Lake Hanska Twp",0,0,0,0,0
"Lake Hattie Twp",0,0,0,0,0
"Lake Henry",660,24,12,3.63636363636364,1.81818181818182
"Lake Henry Twp",1980,72,36,3.63636363636364,1.81818181818182
"Lake Ida Twp",0,0,0,0,0
"Lake Jessie Twp",0,0,0,0,0
"Lake Johanna Twp",0,0,0,0,0
"Lake Lillian",0,0,0,0,0
"Lake Lillian Twp",0,0,0,0,0
"Lake Marshall Twp",0,0,0,0,0
"Lake Mary Twp",0,0,0,0,0
"Lake Park",0,0,0,0,0
"Lake Park Twp",0,0,0,0,0
"Lake Pleasant Twp",0,0,0,0,0
"Lake Prairie Twp",660,24,12,3.63636363636364,1.81818181818182
"Lake Sarah Twp",0,0,0,0,0
"Lake Shore",385,14,7,3.63636363636364,1.81818181818182
"Lake Shore Twp",110,4,2,3.63636363636364,1.81818181818182
"Lake St. Croix Beach",0,0,0,0,0
"Lake Stay Twp",0,0,0,0,0
"Lake Twp",0,0,0,0,0
"Lake Valley Twp",55,2,1,3.63636363636364,1.81818181818182
"Lake View Twp",0,0,0,0,0
"Lake Wilson",0,0,0,0,0
"Lakefield",0,0,0,0,0
"Lakeland",0,0,0,0,0
"Lakeland Shores",0,0,0,0,0
"Lakeport Twp",0,0,0,0,0
"Lakeside Twp",0,0,0,0,0
"Laketown Twp",0,0,0,0,0
"Lakeview Twp",165,6,3,3.63636363636364,1.81818181818182
"Lakeville",0,0,0,0,0
"Lakewood Twp",0,0,0,0,0
"Lakin Twp",0,0,0,0,0
"Lambert Twp",0,0,0,0,0
"Lamberton",110,4,2,3.63636363636364,1.81818181818182
"Lamberton Twp",110,4,2,3.63636363636364,1.81818181818182
"Lammers Twp",0,0,0,0,0
"Lancaster",55,2,1,3.63636363636364,1.81818181818182
"Land Twp",0,0,0,0,0
"Landfall",0,0,0,0,0
"Lanesboro",0,0,0,0,0
"Lanesburgh Twp",0,0,0,0,0
"Langhei Twp",0,0,0,0,0
"Langola Twp",0,0,0,0,0
"Langor Twp",0,0,0,0,0
"Lansing Twp",0,0,0,0,0
"Laona Twp",0,0,0,0,0
"Laporte",0,0,0,0,0
"Larkin Twp",0,0,0,0,0
"Lastrup",0,0,0,0,0
"Lauderdale",165,6,3,3.63636363636364,1.81818181818182
"Lavell Twp",0,0,0,0,0
"Lawrence Twp",0,0,0,0,0
"Le Center",0,0,0,0,0
"Le Ray Twp",555,24,15,4.32432432432432,2.7027027027027
"Le Roy",0,0,0,0,0
"Le Roy Twp",0,0,0,0,0
"Le Sauk Twp",1320,48,24,3.63636363636364,1.81818181818182
"Le Sueur",0,0,0,0,0
"Leaf Lake Twp",0,0,0,0,0
"Leaf Mountain Twp",0,0,0,0,0
"Leaf River Twp",0,0,0,0,0
"Leaf Valley Twp",0,0,0,0,0
"Leander Lake Unorg",0,0,0,0,0
"Leavenworth Twp",495,18,9,3.63636363636364,1.81818181818182
"Lee Twp",0,0,0,0,0
"Leech Lake Twp",275,10,5,3.63636363636364,1.81818181818182
"Leeds Twp",0,0,0,0,0
"Leenthrop Twp",0,0,0,0,0
"Leiding Twp",0,0,0,0,0
"Leigh Twp",0,0,0,0,0
"Lemond Twp",0,0,0,0,0
"Lengby",0,0,0,0,0
"Leon Twp",0,0,0,0,0
"Leonard",0,0,0,0,0
"Leonardsville Twp",55,2,1,3.63636363636364,1.81818181818182
"Leonidas",0,0,0,0,0
"Leota Twp",0,0,0,0,0
"Leslie Twp",0,0,0,0,0
"Lessor Twp",0,0,0,0,0
"Lester Prairie",260,12,8,4.61538461538462,3.07692307692308
"Leven Twp",0,0,0,0,0
"Lewis Twp",0,0,0,0,0
"Lewiston",0,0,0,0,0
"Lewisville",0,0,0,0,0
"Lexington",260,40,44,15.3846153846154,16.9230769230769
"Lexington Twp",0,0,0,0,0
"Libby Twp",0,0,0,0,0
"Liberty Twp",0,0,0,0,0
"Liberty Unorg",0,0,0,0,0
"Lida Twp",0,0,0,0,0
"Lien Twp",0,0,0,0,0
"Lilydale",165,27,30,16.3636363636364,18.1818181818182
"Lima Twp",110,4,2,3.63636363636364,1.81818181818182
"Lime Lake Twp",0,0,0,0,0
"Lime Twp",185,8,5,4.32432432432432,2.7027027027027
"Limestone Twp",0,0,0,0,0
"Lincoln Twp",315,14,9,4.44444444444444,2.85714285714286
"Lind Twp",0,0,0,0,0
"Linden Grove Twp",0,0,0,0,0
"Linden Twp",0,0,0,0,0
"Lindstrom",220,8,4,3.63636363636364,1.81818181818182
"Lino Lakes",3640,560,616,15.3846153846154,16.9230769230769
"Linsell Twp",110,4,2,3.63636363636364,1.81818181818182
"Linwood Lake Unorg",0,0,0,0,0
"Linwood Twp",0,0,0,0,0
"Lisbon Twp",0,0,0,0,0
"Lismore",0,0,0,0,0
"Lismore Twp",0,0,0,0,0
"Litchfield",554,20,14,3.6101083032491,2.52707581227437
"Litchfield Twp",222,8,4,3.6036036036036,1.8018018018018
"Little Canada",660,24,12,3.63636363636364,1.81818181818182
"Little Elbow Twp",0,0,0,0,0
"Little Elk Twp",0,0,0,0,0
"Little Falls",0,0,0,0,0
"Little Falls Twp",0,0,0,0,0
"Little Pine Twp",0,0,0,0,0
"Little Rock Twp",0,0,0,0,0
"Little Sauk Twp",0,0,0,0,0
"Littlefork",110,4,2,3.63636363636364,1.81818181818182
"Livonia Twp",0,0,0,0,0
"Lockhart Twp",0,0,0,0,0
"Lodi Twp",0,0,0,0,0
"Logan Twp",0,0,0,0,0
"London Twp",0,0,0,0,0
"Lone Pine Twp",0,0,0,0,0
"Lone Tree Twp",0,0,0,0,0
"Long Beach",0,0,0,0,0
"Long Lake",0,0,0,0,0
"Long Lake Twp",55,2,1,3.63636363636364,1.81818181818182
"Long Lake Unorg",0,0,0,0,0
"Long Lost Lake Twp",0,0,0,0,0
"Long Prairie",0,0,0,0,0
"Long Prairie Twp",0,0,0,0,0
"Longville",110,4,2,3.63636363636364,1.81818181818182
"Lonsdale",440,16,8,3.63636363636364,1.81818181818182
"Loon Lake Twp",110,4,2,3.63636363636364,1.81818181818182
"Lorain Twp",0,0,0,0,0
"Loretto",76,8,4,10.5263157894737,5.26315789473684
"Louisburg",55,2,1,3.63636363636364,1.81818181818182
"Louisville Twp",0,0,0,0,0
"Louriston Twp",0,0,0,0,0
"Lowell Twp",0,0,0,0,0
"Lower Red Lake Unorg",0,0,0,0,0
"Lowry",0,0,0,0,0
"Lowville Twp",0,0,0,0,0
"Lucan",110,4,2,3.63636363636364,1.81818181818182
"Lucas Twp",0,0,0,0,0
"Lund Twp",0,0,0,0,0
"Lura Twp",0,0,0,0,0
"Lutsen Twp",0,0,0,0,0
"Luverne",440,16,8,3.63636363636364,1.81818181818182
"Luverne Twp",0,0,0,0,0
"Luxemburg Twp",1980,72,36,3.63636363636364,1.81818181818182
"Lyle",0,0,0,0,0
"Lyle Twp",0,0,0,0,0
"Lynd",0,0,0,0,0
"Lynd Twp",0,0,0,0,0
"Lynden Twp",1980,72,36,3.63636363636364,1.81818181818182
"Lynn Twp",520,24,16,4.61538461538462,3.07692307692308
"Lyons Twp",0,0,0,0,0
"Lyra Twp",260,12,10,4.61538461538462,3.84615384615385
"Mabel",0,0,0,0,0
"Macsville Twp",0,0,0,0,0
"Macville Twp",0,0,0,0,0
"Madelia",0,0,0,0,0
"Madelia Twp",0,0,0,0,0
"Madison",0,0,0,0,0
"Madison Lake",370,16,10,4.32432432432432,2.7027027027027
"Madison Twp",55,2,1,3.63636363636364,1.81818181818182
"Magnolia",0,0,0,0,0
"Magnolia Twp",0,0,0,0,0
"Mahnomen",165,6,3,3.63636363636364,1.81818181818182
"Mahtomedi",0,0,0,0,0
"Mahtowa Twp",165,6,3,3.63636363636364,1.81818181818182
"Maine Prairie Twp",1980,72,36,3.63636363636364,1.81818181818182
"Maine Twp",0,0,0,0,0
"Malmo Twp",0,0,0,0,0
"Malta Twp",0,0,0,0,0
"Malung Twp",0,0,0,0,0
"Mamre Twp",0,0,0,0,0
"Manannah Twp",448,18,8,4.01785714285714,1.78571428571429
"Manchester",0,0,0,0,0
"Manchester Twp",0,0,0,0,0
"Mandt Twp",0,0,0,0,0
"Manfred Twp",110,4,2,3.63636363636364,1.81818181818182
"Manhattan Beach",0,0,0,0,0
"Mankato",3254,140,88,4.30239704978488,2.70436385986478
"Mankato Twp",1105,51,34,4.61538461538462,3.07692307692308
"Mansfield Twp",0,0,0,0,0
"Manston Twp",0,0,0,0,0
"Mantorville",0,0,0,0,0
"Mantorville Twp",0,0,0,0,0
"Mantrap Twp",0,0,0,0,0
"Manyaska Twp",0,0,0,0,0
"Maple Grove",988,104,52,10.5263157894737,5.26315789473684
"Maple Grove Twp",55,2,1,3.63636363636364,1.81818181818182
"Maple Lake",0,0,0,0,0
"Maple Lake Twp",0,0,0,0,0
"Maple Plain",76,8,4,10.5263157894737,5.26315789473684
"Maple Ridge Twp",0,0,0,0,0
"Maple Twp",275,10,5,3.63636363636364,1.81818181818182
"Mapleton",185,8,5,4.32432432432432,2.7027027027027
"Mapleton Twp",195,9,6,4.61538461538462,3.07692307692308
"Mapleview",0,0,0,0,0
"Maplewood",2310,84,42,3.63636363636364,1.81818181818182
"Maplewood Twp",0,0,0,0,0
"Marble",0,0,0,0,0
"Marble Twp",0,0,0,0,0
"Marcell Twp",0,0,0,0,0
"Marietta",55,2,1,3.63636363636364,1.81818181818182
"Marine on St. Croix",0,0,0,0,0
"Marion Lake Unorg",0,0,0,0,0
"Marion Twp",440,16,8,3.63636363636364,1.81818181818182
"Marsh Creek Twp",165,6,3,3.63636363636364,1.81818181818182
"Marsh Grove Twp",55,2,1,3.63636363636364,1.81818181818182
"Marshall",0,0,0,0,0
"Marshall Twp",0,0,0,0,0
"Marshan Twp",162,28,31,17.283950617284,19.1358024691358
"Marshfield Twp",0,0,0,0,0
"Martin Twp",110,4,2,3.63636363636364,1.81818181818182
"Martinsburg Twp",0,0,0,0,0
"Mary Twp",0,0,0,0,0
"Marysland Twp",0,0,0,0,0
"Marysville Twp",0,0,0,0,0
"Mason Twp",0,0,0,0,0
"Max Twp",0,0,0,0,0
"Maxwell Twp",0,0,0,0,0
"May Twp",275,10,5,3.63636363636364,1.81818181818182
"Mayer",0,0,0,0,0
"Mayfield Twp",0,0,0,0,0
"Mayhew Lake Twp",0,0,0,0,0
"Maynard",165,6,3,3.63636363636364,1.81818181818182
"Mayville Twp",0,0,0,0,0
"Maywood Twp",0,0,0,0,0
"Mazeppa",0,0,0,0,0
"Mazeppa Twp",0,0,0,0,0
"McCauleyville Twp",0,0,0,0,0
"McCormack Lake Unorg",0,0,0,0,0
"McCrea Twp",55,2,1,3.63636363636364,1.81818181818182
"McDavitt Twp",0,0,0,0,0
"McDonaldsville Twp",0,0,0,0,0
"McGrath",0,0,0,0,0
"McGregor",0,0,0,0,0
"McGregor Twp",0,0,0,0,0
"McIntosh",0,0,0,0,0
"McKinley",0,0,0,0,0
"McKinley Twp",165,6,3,3.63636363636364,1.81818181818182
"McKinley Unorg",55,2,1,3.63636363636364,1.81818181818182
"McLeod Unorg",0,0,0,0,0
"McPherson Twp",390,18,12,4.61538461538462,3.07692307692308
"Meadow Brook Twp",220,8,4,3.63636363636364,1.81818181818182
"Meadow Twp",0,0,0,0,0
"Meadowlands",0,0,0,0,0
"Meadowlands Twp",0,0,0,0,0
"Meadows Twp",0,0,0,0,0
"Medford",0,0,0,0,0
"Medford Twp",0,0,0,0,0
"Medicine Lake",0,0,0,0,0
"Medina",0,0,0,0,0
"Medo Twp",585,27,18,4.61538461538462,3.07692307692308
"Mehurin Twp",55,2,1,3.63636363636364,1.81818181818182
"Meire Grove",660,24,12,3.63636363636364,1.81818181818182
"Melrose",660,24,12,3.63636363636364,1.81818181818182
"Melrose Twp",1320,48,24,3.63636363636364,1.81818181818182
"Melville Twp",0,0,0,0,0
"Menahga",0,0,0,0,0
"Mendota",230,37,41,16.0869565217391,17.8260869565217
"Mendota Heights",1375,225,250,16.3636363636364,18.1818181818182
"Mentor",0,0,0,0,0
"Meriden Twp",0,0,0,0,0
"Merton Twp",0,0,0,0,0
"Mickinock Twp",0,0,0,0,0
"Middle River",55,2,1,3.63636363636364,1.81818181818182
"Middle River Twp",110,4,2,3.63636363636364,1.81818181818182
"Middletown Twp",0,0,0,0,0
"Middleville Twp",0,0,0,0,0
"Midway Twp",0,0,0,0,0
"Miesville",0,0,0,0,0
"Milaca",0,0,0,0,0
"Milaca Twp",0,0,0,0,0
"Milan",0,0,0,0,0
"Milford Twp",330,12,6,3.63636363636364,1.81818181818182
"Millerville",0,0,0,0,0
"Millerville Twp",0,0,0,0,0
"Millville",0,0,0,0,0
"Millward Twp",0,0,0,0,0
"Millwood Twp",1320,48,24,3.63636363636364,1.81818181818182
"Milo Twp",0,0,0,0,0
"Milroy",110,4,2,3.63636363636364,1.81818181818182
"Milton Twp",0,0,0,0,0
"Miltona",0,0,0,0,0
"Miltona Twp",0,0,0,0,0
"Minden Twp",0,0,0,0,0
"Minerva Twp",0,0,0,0,0
"Minneapolis",20878,2198,1099,10.5278283360475,5.26391416802376
"Minneiska",0,0,0,0,0
"Minneiska Twp",0,0,0,0,0
"Minneola Twp",0,0,0,0,0
"Minneota",0,0,0,0,0
"Minneota Twp",0,0,0,0,0
"Minnesota City",0,0,0,0,0
"Minnesota Falls Twp",0,0,0,0,0
"Minnesota Lake",195,9,6,4.61538461538462,3.07692307692308
"Minnesota Lake Twp",0,0,0,0,0
"Minnetonka",1178,124,62,10.5263157894737,5.26315789473684
"Minnetonka Beach",0,0,0,0,0
"Minnetrista",171,18,9,10.5263157894737,5.26315789473684
"Minnewaska Twp",0,0,0,0,0
"Minnie Twp",0,0,0,0,0
"Mission Creek Twp",0,0,0,0,0
"Mission Twp",110,4,2,3.63636363636364,1.81818181818182
"Mitchell Twp",0,0,0,0,0
"Mizpah",110,4,2,3.63636363636364,1.81818181818182
"Moe Twp",0,0,0,0,0
"Moland Twp",220,8,4,3.63636363636364,1.81818181818182
"Moltke Twp",118,6,2,5.08474576271187,1.69491525423729
"Money Creek Twp",0,0,0,0,0
"Monroe Twp",0,0,0,0,0
"Monson Twp",55,2,1,3.63636363636364,1.81818181818182
"Montevideo",330,12,6,3.63636363636364,1.81818181818182
"Montgomery",0,0,0,0,0
"Montgomery Twp",0,0,0,0,0
"Monticello",0,0,0,0,0
"Monticello Twp",0,0,0,0,0
"Montrose",0,0,0,0,0
"Moonshine Twp",0,0,0,0,0
"Moore Twp",110,4,2,3.63636363636364,1.81818181818182
"Moorhead",2145,78,39,3.63636363636364,1.81818181818182
"Moorhead Twp",330,12,6,3.63636363636364,1.81818181818182
"Moose Creek Twp",0,0,0,0,0
"Moose Lake",165,6,3,3.63636363636364,1.81818181818182
"Moose Lake Twp",550,20,10,3.63636363636364,1.81818181818182
"Moose Park Twp",0,0,0,0,0
"Moose River Twp",165,6,3,3.63636363636364,1.81818181818182
"Moose Twp",0,0,0,0,0
"Mora",0,0,0,0,0
"Moran Twp",0,0,0,0,0
"Moranville Twp",0,0,0,0,0
"Morcom Twp",0,0,0,0,0
"Morgan",110,4,2,3.63636363636364,1.81818181818182
"Morgan Twp",110,4,2,3.63636363636364,1.81818181818182
"Morken Twp",330,12,6,3.63636363636364,1.81818181818182
"Morrill Twp",0,0,0,0,0
"Morris",110,4,2,3.63636363636364,1.81818181818182
"Morris Twp",0,0,0,0,0
"Morrison Twp",0,0,0,0,0
"Morristown",220,8,4,3.63636363636364,1.81818181818182
"Morristown Twp",660,24,12,3.63636363636364,1.81818181818182
"Morse Twp",0,0,0,0,0
"Morton",0,0,0,0,0
"Moscow Twp",0,0,0,0,0
"Motley",110,4,2,3.63636363636364,1.81818181818182
"Motley Twp",0,0,0,0,0
"Moulton Twp",0,0,0,0,0
"Mound",247,26,13,10.5263157894737,5.26315789473684
"Mound Prairie Twp",0,0,0,0,0
"Mound Twp",0,0,0,0,0
"Mounds View",660,24,12,3.63636363636364,1.81818181818182
"Mount Morris Twp",0,0,0,0,0
"Mount Pleasant Twp",0,0,0,0,0
"Mount Vernon Twp",0,0,0,0,0
"Mountain Iron",0,0,0,0,0
"Mountain Lake",0,0,0,0,0
"Mountain Lake Twp",0,0,0,0,0
"Moyer Twp",0,0,0,0,0
"Moylan Twp",55,2,1,3.63636363636364,1.81818181818182
"Mud Lake Unorg",0,0,0,0,0
"Mudgett Twp",0,0,0,0,0
"Mulligan Twp",0,0,0,0,0
"Munch Twp",0,0,0,0,0
"Munson Twp",2640,96,48,3.63636363636364,1.81818181818182
"Murdock",0,0,0,0,0
"Murray Twp",0,0,0,0,0
"Myrtle",0,0,0,0,0
"N.W. Angle Unorg",0,0,0,0,0
"Nashua",0,0,0,0,0
"Nashville Twp",0,0,0,0,0
"Nashwauk",0,0,0,0,0
"Nashwauk Twp",0,0,0,0,0
"Nassau",55,2,1,3.63636363636364,1.81818181818182
"Nebish Twp",0,0,0,0,0
"Nelson",0,0,0,0,0
"Nelson Park Twp",110,4,2,3.63636363636364,1.81818181818182
"Nelson Twp",0,0,0,0,0
"Nereson Twp",0,0,0,0,0
"Nerstrand",220,8,4,3.63636363636364,1.81818181818182
"Nesbit Twp",0,0,0,0,0
"Ness Twp",0,0,0,0,0
"Nessel Twp",330,12,6,3.63636363636364,1.81818181818182
"Nett Lake Unorg",0,0,0,0,0
"Nevada Twp",0,0,0,0,0
"Nevis",0,0,0,0,0
"Nevis Twp",0,0,0,0,0
"New Auburn",118,6,4,5.08474576271187,3.38983050847458
"New Auburn Twp",236,10,6,4.23728813559322,2.54237288135593
"New Avon Twp",220,8,4,3.63636363636364,1.81818181818182
"New Brighton",1320,48,24,3.63636363636364,1.81818181818182
"New Dosey Twp",0,0,0,0,0
"New Folden Twp",55,2,1,3.63636363636364,1.81818181818182
"New Germany",0,0,0,0,0
"New Hartford Twp",0,0,0,0,0
"New Haven Twp",330,12,6,3.63636363636364,1.81818181818182
"New Hope",456,48,24,10.5263157894737,5.26315789473684
"New Independence Twp",0,0,0,0,0
"New London",0,0,0,0,0
"New London Twp",0,0,0,0,0
"New Maine Twp",110,4,2,3.63636363636364,1.81818181818182
"New Market Twp",0,0,0,0,0
"New Munich",660,24,12,3.63636363636364,1.81818181818182
"New Prague",0,0,0,0,0
"New Prairie Twp",0,0,0,0,0
"New Richland",165,6,3,3.63636363636364,1.81818181818182
"New Richland Twp",165,6,3,3.63636363636364,1.81818181818182
"New Solum Twp",110,4,2,3.63636363636364,1.81818181818182
"New Sweden Twp",330,12,6,3.63636363636364,1.81818181818182
"New Trier",0,0,0,0,0
"New Ulm",1320,48,24,3.63636363636364,1.81818181818182
"New York Mills",0,0,0,0,0
"Newburg Twp",0,0,0,0,0
"Newfolden",55,2,1,3.63636363636364,1.81818181818182
"Newport",0,0,0,0,0
"Newry Twp",0,0,0,0,0
"Newton Twp",0,0,0,0,0
"Nickerson Twp",0,0,0,0,0
"Nicollet",165,6,3,3.63636363636364,1.81818181818182
"Nicollet Twp",220,8,4,3.63636363636364,1.81818181818182
"Nidaros Twp",0,0,0,0,0
"Nielsville",0,0,0,0,0
"Nilsen Twp",0,0,0,0,0
"Nimrod",0,0,0,0,0
"Nininger Twp",220,36,40,16.3636363636364,18.1818181818182
"Nisswa",110,4,2,3.63636363636364,1.81818181818182
"Nokay Lake Twp",110,4,2,3.63636363636364,1.81818181818182
"Nora Twp",0,0,0,0,0
"Norcross",0,0,0,0,0
"Norden Twp",0,0,0,0,0
"Nordick Twp",0,0,0,0,0
"Nordland Twp",0,0,0,0,0
"Nore Twp",0,0,0,0,0
"Norfolk Twp",0,0,0,0,0
"Norman Twp",0,0,0,0,0
"Normania Twp",0,0,0,0,0
"Normanna Twp",0,0,0,0,0
"North Beltrami Unorg",0,0,0,0,0
"North Branch",550,20,10,3.63636363636364,1.81818181818182
"North Branch Twp",0,0,0,0,0
"North Clearwater Unorg",0,0,0,0,0
"North Fork Twp",660,24,12,3.63636363636364,1.81818181818182
"North Germany Twp",0,0,0,0,0
"North Hero Twp",220,8,4,3.63636363636364,1.81818181818182
"North Mankato",1350,51,27,3.77777777777778,2
"North Oaks",495,18,9,3.63636363636364,1.81818181818182
"North Ottawa Twp",0,0,0,0,0
"North Red River Unorg",55,2,1,3.63636363636364,1.81818181818182
"North Roseau Unorg",0,0,0,0,0
"North St. Paul",660,24,12,3.63636363636364,1.81818181818182
"North Star Twp",330,12,6,3.63636363636364,1.81818181818182
"North Twp",0,0,0,0,0
"North Unorg",0,0,0,0,0
"Northeast Aitkin Unorg",0,0,0,0,0
"Northern Twp",0,0,0,0,0
"Northfield",1760,92,68,5.22727272727273,3.86363636363636
"Northfield Twp",1100,40,20,3.63636363636364,1.81818181818182
"Northland Twp",0,0,0,0,0
"Northome",110,4,2,3.63636363636364,1.81818181818182
"Northome Unorg",330,12,6,3.63636363636364,1.81818181818182
"Northrop",0,0,0,0,0
"Northwest Aitkin Unorg",0,0,0,0,0
"Northwest Koochiching Unorg",220,8,4,3.63636363636364,1.81818181818182
"Northwest Roseau Unorg",0,0,0,0,0
"Northwest St. Louis Unorg",0,0,0,0,0
"Norton Twp",0,0,0,0,0
"Norway Lake Twp",0,0,0,0,0
"Norway Twp",55,2,1,3.63636363636364,1.81818181818182
"Norwegian Grove Twp",0,0,0,0,0
"Norwood Young America",0,0,0,0,0
"Nowthen",0,0,0,0,0
"Numedal Twp",0,0,0,0,0
"Nunda Twp",0,0,0,0,0
"O'Brien Twp",0,0,0,0,0
"Oak Grove",1235,190,209,15.3846153846154,16.9230769230769
"Oak Lawn Twp",110,4,2,3.63636363636364,1.81818181818182
"Oak Park Heights",0,0,0,0,0
"Oak Park Twp",55,2,1,3.63636363636364,1.81818181818182
"Oak Twp",1320,48,24,3.63636363636364,1.81818181818182
"Oak Valley Twp",0,0,0,0,0
"Oakdale",0,0,0,0,0
"Oakland Twp",0,0,0,0,0
"Oakport Twp",110,4,2,3.63636363636364,1.81818181818182
"Oakwood Twp",0,0,0,0,0
"Odessa",0,0,0,0,0
"Odessa Twp",0,0,0,0,0
"Odin",0,0,0,0,0
"Odin Twp",0,0,0,0,0
"Ogema",0,0,0,0,0
"Ogema Twp",0,0,0,0,0
"Ogilvie",0,0,0,0,0
"Okabena",0,0,0,0,0
"Oklee",0,0,0,0,0
"Olivia",0,0,0,0,0
"Olney Twp",0,0,0,0,0
"Omro Twp",0,0,0,0,0
"Onamia",0,0,0,0,0
"Onamia Twp",0,0,0,0,0
"Onstad Twp",0,0,0,0,0
"Orange Twp",0,0,0,0,0
"Orion Twp",220,8,4,3.63636363636364,1.81818181818182
"Ormsby",0,0,0,0,0
"Orono",0,0,0,0,0
"Oronoco",220,8,4,3.63636363636364,1.81818181818182
"Oronoco Twp",330,12,6,3.63636363636364,1.81818181818182
"Orr",0,0,0,0,0
"Orrock Twp",0,0,0,0,0
"Orton Twp",0,0,0,0,0
"Ortonville",0,0,0,0,0
"Ortonville Twp",0,0,0,0,0
"Orwell Twp",0,0,0,0,0
"Osage Twp",0,0,0,0,0
"Osakis",0,0,0,0,0
"Osakis Twp",0,0,0,0,0
"Osborne Twp",0,0,0,0,0
"Oscar Twp",0,0,0,0,0
"Osceola Twp",0,0,0,0,0
"Oshawa Twp",495,18,9,3.63636363636364,1.81818181818182
"Oshkosh Twp",0,0,0,0,0
"Oslo",55,2,1,3.63636363636364,1.81818181818182
"Osseo",57,6,3,10.5263157894737,5.26315789473684
"Ostrander",0,0,0,0,0
"Oteneagen Twp",0,0,0,0,0
"Otisco Twp",495,18,9,3.63636363636364,1.81818181818182
"Otrey Twp",0,0,0,0,0
"Otsego",0,0,0,0,0
"Ottawa Twp",0,0,0,0,0
"Otter Tail Peninsula Twp",110,4,2,3.63636363636364,1.81818181818182
"Otter Tail Twp",0,0,0,0,0
"Ottertail",0,0,0,0,0
"Otto Twp",0,0,0,0,0
"Owatonna",0,0,0,0,0
"Owatonna Twp",0,0,0,0,0
"Owens Twp",0,0,0,0,0
"Oxford Twp",0,0,0,0,0
"Paddock Twp",0,0,0,0,0
"Page Twp",0,0,0,0,0
"Palisade",0,0,0,0,0
"Palmer Twp",0,0,0,0,0
"Palmville Twp",0,0,0,0,0
"Palmyra Twp",0,0,0,0,0
"Park Rapids",0,0,0,0,0
"Park Twp",0,0,0,0,0
"Parke Twp",660,24,12,3.63636363636364,1.81818181818182
"Parker Twp",55,2,1,3.63636363636364,1.81818181818182
"Parkers Prairie",0,0,0,0,0
"Parkers Prairie Twp",0,0,0,0,0
"Parnell Twp",55,2,1,3.63636363636364,1.81818181818182
"Partridge Twp",0,0,0,0,0
"Paxton Twp",220,8,4,3.63636363636364,1.81818181818182
"Paynesville",660,24,12,3.63636363636364,1.81818181818182
"Paynesville Twp",1320,48,24,3.63636363636364,1.81818181818182
"Peace Twp",0,0,0,0,0
"Pease",0,0,0,0,0
"Peatland Unorg",110,4,2,3.63636363636364,1.81818181818182
"Pelan Twp",110,4,2,3.63636363636364,1.81818181818182
"Pelican Lake Twp",0,0,0,0,0
"Pelican Rapids",0,0,0,0,0
"Pelican Twp",0,0,0,0,0
"Pemberton",195,9,6,4.61538461538462,3.07692307692308
"Pembina Twp",330,12,6,3.63636363636364,1.81818181818182
"Penn Twp",520,24,16,4.61538461538462,3.07692307692308
"Pennock",0,0,0,0,0
"Pepin Twp",0,0,0,0,0
"Pepperton Twp",0,0,0,0,0
"Pequaywan Twp",0,0,0,0,0
"Pequot Lakes",55,2,1,3.63636363636364,1.81818181818182
"Perch Lake Twp",330,12,6,3.63636363636364,1.81818181818182
"Percy Twp",110,4,2,3.63636363636364,1.81818181818182
"Perham",0,0,0,0,0
"Perham Twp",0,0,0,0,0
"Perley",0,0,0,0,0
"Perry Lake Twp",0,0,0,0,0
"Perry Twp",110,4,2,3.63636363636364,1.81818181818182
"Petersburg Twp",0,0,0,0,0
"Peterson",0,0,0,0,0
"Pfeiffer Lake Unorg",0,0,0,0,0
"Pickerel Lake Twp",0,0,0,0,0
"Pierz",0,0,0,0,0
"Pierz Twp",0,0,0,0,0
"Pike Bay Twp",165,6,3,3.63636363636364,1.81818181818182
"Pike Creek Twp",0,0,0,0,0
"Pike Twp",0,0,0,0,0
"Pillager",165,6,3,3.63636363636364,1.81818181818182
"Pillsbury Twp",0,0,0,0,0
"Pilot Grove Twp",0,0,0,0,0
"Pilot Mound Twp",0,0,0,0,0
"Pine City",0,0,0,0,0
"Pine City Twp",0,0,0,0,0
"Pine Island",220,8,4,3.63636363636364,1.81818181818182
"Pine Island Twp",0,0,0,0,0
"Pine Lake Twp",220,8,4,3.63636363636364,1.81818181818182
"Pine Point Twp",0,0,0,0,0
"Pine River",165,6,3,3.63636363636364,1.81818181818182
"Pine River Twp",165,6,3,3.63636363636364,1.81818181818182
"Pine Springs",0,0,0,0,0
"Pipestone",0,0,0,0,0
"Plainview",0,0,0,0,0
"Plainview Twp",0,0,0,0,0
"Plato",195,9,6,4.61538461538462,3.07692307692308
"Platte Lake Twp",0,0,0,0,0
"Platte Twp",0,0,0,0,0
"Pleasant Grove Twp",330,12,6,3.63636363636364,1.81818181818182
"Pleasant Hill Twp",0,0,0,0,0
"Pleasant Mound Twp",585,27,18,4.61538461538462,3.07692307692308
"Pleasant Prairie Twp",0,0,0,0,0
"Pleasant Valley Twp",0,0,0,0,0
"Pleasant View Twp",0,0,0,0,0
"Pliny Twp",0,0,0,0,0
"Plummer",0,0,0,0,0
"Plymouth",1976,208,104,10.5263157894737,5.26315789473684
"Pohlitz Twp",0,0,0,0,0
"Pokegama Twp",0,0,0,0,0
"Polk Centre Twp",0,0,0,0,0
"Polonia Twp",0,0,0,0,0
"Pomme de Terre Twp",0,0,0,0,0
"Pomroy Twp",0,0,0,0,0
"Ponto Lake Twp",165,6,3,3.63636363636364,1.81818181818182
"Poplar Grove Twp",0,0,0,0,0
"Poplar River Twp",0,0,0,0,0
"Poplar Twp",330,12,6,3.63636363636364,1.81818181818182
"Popple Grove Twp",0,0,0,0,0
"Popple Twp",0,0,0,0,0
"Poppleton Twp",55,2,1,3.63636363636364,1.81818181818182
"Port Hope Twp",0,0,0,0,0
"Portage Twp",0,0,0,0,0
"Porter",0,0,0,0,0
"Posen Twp",0,0,0,0,0
"Potshot Lake Unorg",0,0,0,0,0
"Powers Twp",275,10,5,3.63636363636364,1.81818181818182
"Prairie Lake Twp",0,0,0,0,0
"Prairie View Twp",0,0,0,0,0
"Prairieville Twp",0,0,0,0,0
"Preble Twp",0,0,0,0,0
"Prescott Twp",0,0,0,0,0
"Preston",0,0,0,0,0
"Preston Lake Twp",0,0,0,0,0
"Preston Twp",0,0,0,0,0
"Princeton",0,0,0,0,0
"Princeton Twp",0,0,0,0,0
"Prinsburg",0,0,0,0,0
"Prior Lake",0,0,0,0,0
"Prior Twp",0,0,0,0,0
"Proctor",0,0,0,0,0
"Progress Unorg",165,6,3,3.63636363636364,1.81818181818182
"Providence Twp",165,6,3,3.63636363636364,1.81818181818182
"Pulaski Twp",0,0,0,0,0
"Quamba",0,0,0,0,0
"Queen Twp",0,0,0,0,0
"Quincy Twp",330,12,6,3.63636363636364,1.81818181818182
"Quiring Twp",0,0,0,0,0
"Rabbit Lake Twp",0,0,0,0,0
"Racine",0,0,0,0,0
"Racine Twp",0,0,0,0,0
"Rainy Lake Unorg",880,32,16,3.63636363636364,1.81818181818182
"Ramsey",2535,390,429,15.3846153846154,16.9230769230769
"Randall",0,0,0,0,0
"Randolph",0,0,0,0,0
"Randolph Twp",353,55,61,15.5807365439093,17.2804532577904
"Ranier",220,8,4,3.63636363636364,1.81818181818182
"Ransom Twp",0,0,0,0,0
"Rapidan Twp",555,24,15,4.32432432432432,2.7027027027027
"Ravenna Twp",110,18,20,16.3636363636364,18.1818181818182
"Raymond",0,0,0,0,0
"Raymond Twp",1980,72,36,3.63636363636364,1.81818181818182
"Red Clover Unorg",55,2,1,3.63636363636364,1.81818181818182
"Red Eye Twp",0,0,0,0,0
"Red Lake Falls",0,0,0,0,0
"Red Lake Falls Twp",0,0,0,0,0
"Red Rock Twp",0,0,0,0,0
"Red Wing",0,0,0,0,0
"Redpath Twp",55,2,1,3.63636363636364,1.81818181818182
"Redwood Falls",330,12,6,3.63636363636364,1.81818181818182
"Redwood Falls Twp",220,8,4,3.63636363636364,1.81818181818182
"Regal",0,0,0,0,0
"Reine Twp",0,0,0,0,0
"Reiner Twp",0,0,0,0,0
"Reis Twp",0,0,0,0,0
"Remer",165,6,3,3.63636363636364,1.81818181818182
"Remer Twp",110,4,2,3.63636363636364,1.81818181818182
"Rendsville Twp",0,0,0,0,0
"Reno Twp",0,0,0,0,0
"Renville",0,0,0,0,0
"Revere",110,4,2,3.63636363636364,1.81818181818182
"Reynolds Twp",0,0,0,0,0
"Rheiderland Twp",0,0,0,0,0
"Rhinehart Twp",0,0,0,0,0
"Rice",0,0,0,0,0
"Rice Lake",0,0,0,0,0
"Rice River Twp",0,0,0,0,0
"Rice Twp",0,0,0,0,0
"Riceland Twp",0,0,0,0,0
"Riceville Twp",0,0,0,0,0
"Rich Valley Twp",520,24,16,4.61538461538462,3.07692307692308
"Richardson Twp",0,0,0,0,0
"Richardville Twp",55,2,1,3.63636363636364,1.81818181818182
"Richfield",836,88,44,10.5263157894737,5.26315789473684
"Richland Twp",660,24,12,3.63636363636364,1.81818181818182
"Richmond",660,24,12,3.63636363636364,1.81818181818182
"Richmond Twp",0,0,0,0,0
"Richville",0,0,0,0,0
"Richwood Twp",0,0,0,0,0
"Ridgely Twp",110,4,2,3.63636363636364,1.81818181818182
"Ripley Twp",0,0,0,0,0
"River Falls Twp",0,0,0,0,0
"River Twp",0,0,0,0,0
"Riverdale Twp",0,0,0,0,0
"Riverside Twp",0,0,0,0,0
"Riverton",0,0,0,0,0
"Riverton Twp",330,12,6,3.63636363636364,1.81818181818182
"Robbinsdale",0,0,0,0,0
"Roberts Twp",0,0,0,0,0
"Rochester",4950,180,90,3.63636363636364,1.81818181818182
"Rochester Twp",0,0,0,0,0
"Rock Creek",0,0,0,0,0
"Rock Dell Twp",0,0,0,0,0
"Rock Lake Twp",0,0,0,0,0
"Rock Twp",0,0,0,0,0
"Rockford",57,6,3,10.5263157894737,5.26315789473684
"Rockford Twp",0,0,0,0,0
"Rocksbury Twp",0,0,0,0,0
"Rockville",1320,48,24,3.63636363636364,1.81818181818182
"Rockwell Twp",0,0,0,0,0
"Rockwood Twp",0,0,0,0,0
"Rogers",0,0,0,0,0
"Rogers Point Unorg",110,4,2,3.63636363636364,1.81818181818182
"Rogers Twp",110,4,2,3.63636363636364,1.81818181818182
"Rolling Forks Twp",0,0,0,0,0
"Rolling Green Twp",0,0,0,0,0
"Rollingstone",0,0,0,0,0
"Rollingstone Twp",0,0,0,0,0
"Rollis Twp",110,4,2,3.63636363636364,1.81818181818182
"Rome Twp",0,0,0,0,0
"Roome Twp",0,0,0,0,0
"Roosevelt",0,0,0,0,0
"Roosevelt Twp",110,4,2,3.63636363636364,1.81818181818182
"Roscoe",660,24,12,3.63636363636364,1.81818181818182
"Roscoe Twp",0,0,0,0,0
"Rose Creek",0,0,0,0,0
"Rose Dell Twp",0,0,0,0,0
"Roseau",0,0,0,0,0
"Rosebud Twp",0,0,0,0,0
"Rosedale Twp",0,0,0,0,0
"Rosehill Twp",0,0,0,0,0
"Roseland Twp",0,0,0,0,0
"Rosemount",0,0,0,0,0
"Rosendale Twp",0,0,0,0,0
"Roseville",1815,66,33,3.63636363636364,1.81818181818182
"Roseville Twp",0,0,0,0,0
"Rosewood Twp",330,12,6,3.63636363636364,1.81818181818182
"Rosing Twp",0,0,0,0,0
"Ross Lake Twp",0,0,0,0,0
"Ross Twp",0,0,0,0,0
"Rost Twp",0,0,0,0,0
"Rothsay",0,0,0,0,0
"Round Grove Twp",585,27,18,4.61538461538462,3.07692307692308
"Round Lake",0,0,0,0,0
"Round Lake Twp",0,0,0,0,0
"Round Prairie Twp",0,0,0,0,0
"Royal Twp",0,0,0,0,0
"Royalton",0,0,0,0,0
"Royalton Twp",0,0,0,0,0
"Runeberg Twp",0,0,0,0,0
"Rush City",165,6,3,3.63636363636364,1.81818181818182
"Rush Lake Twp",0,0,0,0,0
"Rushford",0,0,0,0,0
"Rushford Village",0,0,0,0,0
"Rushmore",0,0,0,0,0
"Rushseba Twp",165,6,3,3.63636363636364,1.81818181818182
"Russell",0,0,0,0,0
"Russia Twp",0,0,0,0,0
"Ruthton",0,0,0,0,0
"Rutland Twp",0,0,0,0,0
"Rutledge",0,0,0,0,0
"Sabin",165,6,3,3.63636363636364,1.81818181818182
"Sacred Heart",0,0,0,0,0
"Sacred Heart Twp",0,0,0,0,0
"Sago Twp",0,0,0,0,0
"Salem Twp",110,4,2,3.63636363636364,1.81818181818182
"Salo Twp",0,0,0,0,0
"San Francisco Twp",0,0,0,0,0
"Sanborn",110,4,2,3.63636363636364,1.81818181818182
"Sand Creek Twp",0,0,0,0,0
"Sand Lake Twp",0,0,0,0,0
"Sand Lake Unorg",0,0,0,0,0
"Sanders Twp",0,0,0,0,0
"Sandnes Twp",0,0,0,0,0
"Sandstone",0,0,0,0,0
"Sandstone Twp",0,0,0,0,0
"Sandsville Twp",0,0,0,0,0
"Sandy Twp",0,0,0,0,0
"Sanford Twp",0,0,0,0,0
"Santiago Twp",0,0,0,0,0
"Saratoga Twp",0,0,0,0,0
"Sargeant",0,0,0,0,0
"Sargeant Twp",0,0,0,0,0
"Sartell",5280,192,96,3.63636363636364,1.81818181818182
"Sauk Centre",660,24,12,3.63636363636364,1.81818181818182
"Sauk Centre Twp",1320,48,24,3.63636363636364,1.81818181818182
"Sauk Rapids",0,0,0,0,0
"Sauk Rapids Twp",0,0,0,0,0
"Savage",0,0,0,0,0
"Savannah Twp",0,0,0,0,0
"Sawyer Unorg",55,2,1,3.63636363636364,1.81818181818182
"Scambler Twp",0,0,0,0,0
"Scandia",0,0,0,0,0
"Scandia Twp",0,0,0,0,0
"Scandia Valley Twp",0,0,0,0,0
"Scanlon",165,6,3,3.63636363636364,1.81818181818182
"Schoolcraft Twp",0,0,0,0,0
"Schroeder Twp",0,0,0,0,0
"Sciota Twp",259,45,50,17.3745173745174,19.3050193050193
"Scott Twp",0,0,0,0,0
"Seaforth",110,4,2,3.63636363636364,1.81818181818182
"Seavey Twp",0,0,0,0,0
"Sebeka",0,0,0,0,0
"Sedan",0,0,0,0,0
"Seely Twp",0,0,0,0,0
"Selma Twp",0,0,0,0,0
"Severance Twp",118,4,2,3.38983050847458,1.69491525423729
"Seward Twp",0,0,0,0,0
"Shafer",165,6,3,3.63636363636364,1.81818181818182
"Shafer Twp",165,6,3,3.63636363636364,1.81818181818182
"Shakopee",0,0,0,0,0
"Shamrock Twp",0,0,0,0,0
"Shaokatan Twp",0,0,0,0,0
"Sharon Twp",0,0,0,0,0
"Shelburne Twp",0,0,0,0,0
"Shelby Twp",455,21,14,4.61538461538462,3.07692307692308
"Sheldon Twp",0,0,0,0,0
"Shell Lake Twp",0,0,0,0,0
"Shell River Twp",0,0,0,0,0
"Shell Rock Twp",0,0,0,0,0
"Shelly",0,0,0,0,0
"Shelly Twp",0,0,0,0,0
"Sherburn",0,0,0,0,0
"Sheridan Twp",220,8,4,3.63636363636364,1.81818181818182
"Sherman Twp",220,8,4,3.63636363636364,1.81818181818182
"Shetek Twp",0,0,0,0,0
"Shevlin",0,0,0,0,0
"Shevlin Twp",0,0,0,0,0
"Shible Twp",0,0,0,0,0
"Shieldsville Twp",660,24,12,3.63636363636364,1.81818181818182
"Shingobee Twp",165,6,3,3.63636363636364,1.81818181818182
"Shooks Twp",0,0,0,0,0
"Shoreview",1155,42,21,3.63636363636364,1.81818181818182
"Shorewood",0,0,0,0,0
"Shotley Brook Unorg",0,0,0,0,0
"Shotley Twp",0,0,0,0,0
"Sibley Twp",59,3,2,5.08474576271187,3.38983050847458
"Sigel Twp",0,0,0,0,0
"Silver Bay",0,0,0,0,0
"Silver Brook Twp",165,6,3,3.63636363636364,1.81818181818182
"Silver Creek Twp",0,0,0,0,0
"Silver Lake",260,12,8,4.61538461538462,3.07692307692308
"Silver Lake Twp",0,0,0,0,0
"Silver Leaf Twp",0,0,0,0,0
"Silver Twp",330,12,6,3.63636363636364,1.81818181818182
"Silverton Twp",0,0,0,0,0
"Sinclair Twp",0,0,0,0,0
"Sinnott Twp",55,2,1,3.63636363636364,1.81818181818182
"Sioux Agency Twp",0,0,0,0,0
"Sioux Valley Twp",0,0,0,0,0
"Six Mile Grove Twp",0,0,0,0,0
"Skagen Twp",0,0,0,0,0
"Skandia Twp",0,0,0,0,0
"Skane Twp",55,2,1,3.63636363636364,1.81818181818182
"Skelton Twp",330,12,6,3.63636363636364,1.81818181818182
"Skree Twp",220,8,4,3.63636363636364,1.81818181818182
"Skyline",195,9,6,4.61538461538462,3.07692307692308
"Slater Twp",110,4,2,3.63636363636364,1.81818181818182
"Slayton",0,0,0,0,0
"Slayton Twp",0,0,0,0,0
"Sleepy Eye",330,12,6,3.63636363636364,1.81818181818182
"Sletten Twp",0,0,0,0,0
"Smiley Twp",0,0,0,0,0
"Smoky Hollow Twp",110,4,2,3.63636363636364,1.81818181818182
"Sobieski",0,0,0,0,0
"Sodus Twp",0,0,0,0,0
"Solem Twp",0,0,0,0,0
"Soler Twp",0,0,0,0,0
"Solway",0,0,0,0,0
"Solway Twp",0,0,0,0,0
"Somerset Twp",0,0,0,0,0
"South Bend Twp",380,17,11,4.47368421052632,2.89473684210526
"South Branch Twp",0,0,0,0,0
"South Clearwater Unorg",0,0,0,0,0
"South Fork Twp",0,0,0,0,0
"South Harbor Twp",0,0,0,0,0
"South Haven",0,0,0,0,0
"South Koochiching Unorg",440,16,8,3.63636363636364,1.81818181818182
"South Red River Twp",55,2,1,3.63636363636364,1.81818181818182
"South St. Paul",1045,171,190,16.3636363636364,18.1818181818182
"Southbrook Twp",0,0,0,0,0
"Southside Twp",0,0,0,0,0
"Spalding Twp",0,0,0,0,0
"Spang Twp",0,0,0,0,0
"Sparta Twp",331,12,6,3.62537764350453,1.81268882175227
"Spencer Brook Twp",0,0,0,0,0
"Spencer Twp",0,0,0,0,0
"Spicer",0,0,0,0,0
"Split Rock Twp",55,2,1,3.63636363636364,1.81818181818182
"Splithand Twp",0,0,0,0,0
"Spring Brook Twp",110,4,2,3.63636363636364,1.81818181818182
"Spring Creek Twp",0,0,0,0,0
"Spring Grove",0,0,0,0,0
"Spring Grove Twp",0,0,0,0,0
"Spring Hill",660,24,12,3.63636363636364,1.81818181818182
"Spring Hill Twp",1320,48,24,3.63636363636364,1.81818181818182
"Spring Lake Park",520,80,88,15.3846153846154,16.9230769230769
"Spring Lake Twp",0,0,0,0,0
"Spring Park",0,0,0,0,0
"Spring Prairie Twp",330,12,6,3.63636363636364,1.81818181818182
"Spring Valley",0,0,0,0,0
"Spring Valley Twp",0,0,0,0,0
"Springdale Twp",220,8,4,3.63636363636364,1.81818181818182
"Springfield",330,12,6,3.63636363636364,1.81818181818182
"Springfield Twp",0,0,0,0,0
"Springvale Twp",0,0,0,0,0
"Springwater Twp",0,0,0,0,0
"Spruce Grove Twp",0,0,0,0,0
"Spruce Hill Twp",0,0,0,0,0
"Spruce Twp",0,0,0,0,0
"Spruce Valley Twp",110,4,2,3.63636363636364,1.81818181818182
"Squaw Lake",0,0,0,0,0
"St. Anthony",825,30,15,3.63636363636364,1.81818181818182
"St. Augusta",1320,48,24,3.63636363636364,1.81818181818182
"St. Bonifacius",57,6,3,10.5263157894737,5.26315789473684
"St. Charles",0,0,0,0,0
"St. Charles Twp",0,0,0,0,0
"St. Clair",185,8,5,4.32432432432432,2.7027027027027
"St. Cloud",14520,528,264,3.63636363636364,1.81818181818182
"St. Francis",780,120,132,15.3846153846154,16.9230769230769
"St. George Twp",0,0,0,0,0
"St. Hilaire",0,0,0,0,0
"St. James",0,0,0,0,0
"St. James Twp",0,0,0,0,0
"St. Johns Twp",0,0,0,0,0
"St. Joseph",1320,48,24,3.63636363636364,1.81818181818182
"St. Joseph Twp",2035,74,37,3.63636363636364,1.81818181818182
"St. Lawrence Twp",0,0,0,0,0
"St. Leo",0,0,0,0,0
"St. Louis Park",1368,144,72,10.5263157894737,5.26315789473684
"St. Martin",1320,48,24,3.63636363636364,1.81818181818182
"St. Martin Twp",1980,72,36,3.63636363636364,1.81818181818182
"St. Mary Twp",220,8,4,3.63636363636364,1.81818181818182
"St. Mary's Point",0,0,0,0,0
"St. Mathias Twp",110,4,2,3.63636363636364,1.81818181818182
"St. Michael",0,0,0,0,0
"St. Olaf Twp",0,0,0,0,0
"St. Paul",14190,516,258,3.63636363636364,1.81818181818182
"St. Paul Park",0,0,0,0,0
"St. Peter",330,12,6,3.63636363636364,1.81818181818182
"St. Rosa",660,24,12,3.63636363636364,1.81818181818182
"St. Stephen",1320,48,24,3.63636363636364,1.81818181818182
"St. Vincent",55,2,1,3.63636363636364,1.81818181818182
"St. Vincent Twp",55,2,1,3.63636363636364,1.81818181818182
"St. Wendel Twp",4620,168,84,3.63636363636364,1.81818181818182
"Stacy",330,12,6,3.63636363636364,1.81818181818182
"Stafford Twp",0,0,0,0,0
"Stanchfield Twp",0,0,0,0,0
"Stanford Twp",0,0,0,0,0
"Stanley Twp",0,0,0,0,0
"Stanton Twp",0,0,0,0,0
"Staples",0,0,0,0,0
"Staples Twp",0,0,0,0,0
"Star Lake Twp",0,0,0,0,0
"Star Twp",0,0,0,0,0
"Starbuck",0,0,0,0,0
"Stark Twp",0,0,0,0,0
"Stately Twp",0,0,0,0,0
"Steamboat River Twp",0,0,0,0,0
"Steen",0,0,0,0,0
"Steenerson Twp",0,0,0,0,0
"Stephen",55,2,1,3.63636363636364,1.81818181818182
"Sterling Twp",586,27,18,4.60750853242321,3.07167235494881
"Stevens Twp",0,0,0,0,0
"Stewart",260,12,8,4.61538461538462,3.07692307692308
"Stewartville",0,0,0,0,0
"Stillwater",0,0,0,0,0
"Stillwater Twp",0,0,0,0,0
"Stockholm Twp",0,0,0,0,0
"Stockton",0,0,0,0,0
"Stokes Twp",0,0,0,0,0
"Stoneham Twp",0,0,0,0,0
"Stoney Brook Twp",0,0,0,0,0
"Stony Brook Twp",0,0,0,0,0
"Stony River Twp",0,0,0,0,0
"Stony Run Twp",0,0,0,0,0
"Storden",0,0,0,0,0
"Storden Twp",0,0,0,0,0
"Stowe Prairie Twp",0,0,0,0,0
"Straight River Twp",0,0,0,0,0
"Strand Twp",0,0,0,0,0
"Strandquist",55,2,1,3.63636363636364,1.81818181818182
"Strathcona",0,0,0,0,0
"Sturgeon Lake",0,0,0,0,0
"Sturgeon Lake Twp",0,0,0,0,0
"Sturgeon River Unorg",0,0,0,0,0
"Sturgeon Twp",0,0,0,0,0
"Sucker Lakes Unorg",110,4,2,3.63636363636364,1.81818181818182
"Sugar Bush Twp",0,0,0,0,0
"Sugar Lake Unorg",0,0,0,0,0
"Sullivan Twp",0,0,0,0,0
"Summit Lake Twp",0,0,0,0,0
"Summit Twp",0,0,0,0,0
"Sumner Twp",0,0,0,0,0
"Sumter Twp",520,24,16,4.61538461538462,3.07692307692308
"Sunburg",0,0,0,0,0
"Sundal Twp",0,0,0,0,0
"Sundown Twp",440,16,8,3.63636363636364,1.81818181818182
"Sunfish Lake",175,28,31,16,17.7142857142857
"Sunnyside Twp",0,0,0,0,0
"Sunrise Twp",495,18,9,3.63636363636364,1.81818181818182
"Svea Twp",55,2,1,3.63636363636364,1.81818181818182
"Sverdrup Twp",0,0,0,0,0
"Swan Lake Twp",110,4,2,3.63636363636364,1.81818181818182
"Swan River Twp",0,0,0,0,0
"Swanville",0,0,0,0,0
"Swanville Twp",0,0,0,0,0
"Swede Grove Twp",110,4,2,3.63636363636364,1.81818181818182
"Swede Prairie Twp",0,0,0,0,0
"Swedes Forest Twp",165,6,3,3.63636363636364,1.81818181818182
"Sweet Twp",0,0,0,0,0
"Swenoda Twp",0,0,0,0,0
"Sylvan Twp",165,6,3,3.63636363636364,1.81818181818182
"Synnes Twp",0,0,0,0,0
"Tabor Twp",0,0,0,0,0
"Taconite",0,0,0,0,0
"Tamarac Twp",55,2,1,3.63636363636364,1.81818181818182
"Tamarack",0,0,0,0,0
"Tanberg Twp",0,0,0,0,0
"Tansem Twp",220,8,4,3.63636363636364,1.81818181818182
"Taopi",0,0,0,0,0
"Tara Twp",55,2,1,3.63636363636364,1.81818181818182
"Taunton",0,0,0,0,0
"Taylor Twp",55,2,1,3.63636363636364,1.81818181818182
"Taylors Falls",165,6,3,3.63636363636364,1.81818181818182
"Tegner Twp",110,4,2,3.63636363636364,1.81818181818182
"Teien Twp",55,2,1,3.63636363636364,1.81818181818182
"Ten Lake Twp",0,0,0,0,0
"Ten Mile Lake Twp",55,2,1,3.63636363636364,1.81818181818182
"Tenhassen Twp",0,0,0,0,0
"Tenstrike",0,0,0,0,0
"Terrebonne Twp",0,0,0,0,0
"Thief Lake Twp",55,2,1,3.63636363636364,1.81818181818182
"Thief River Falls",0,0,0,0,0
"Third River Twp",0,0,0,0,0
"Thomastown Twp",0,0,0,0,0
"Thompson Twp",110,4,2,3.63636363636364,1.81818181818182
"Thomson Twp",165,6,3,3.63636363636364,1.81818181818182
"Thorpe Twp",0,0,0,0,0
"Three Lakes Twp",440,16,8,3.63636363636364,1.81818181818182
"Thunder Lake Twp",110,4,2,3.63636363636364,1.81818181818182
"Tikander Lake Unorg",0,0,0,0,0
"Timothy Twp",0,0,0,0,0
"Tintah",110,4,2,3.63636363636364,1.81818181818182
"Tintah Twp",110,4,2,3.63636363636364,1.81818181818182
"Toad Lake Twp",0,0,0,0,0
"Todd Twp",0,0,0,0,0
"Tofte Twp",0,0,0,0,0
"Toivola Twp",0,0,0,0,0
"Tonka Bay",0,0,0,0,0
"Toqua Twp",0,0,0,0,0
"Tordenskjold Twp",0,0,0,0,0
"Torning Twp",0,0,0,0,0
"Torrey Twp",220,8,4,3.63636363636364,1.81818181818182
"Tower",0,0,0,0,0
"Tracy",0,0,0,0,0
"Trail",0,0,0,0,0
"Transit Twp",236,10,6,4.23728813559322,2.54237288135593
"Traverse Twp",330,12,6,3.63636363636364,1.81818181818182
"Trelipe Twp",165,6,3,3.63636363636364,1.81818181818182
"Trimont",0,0,0,0,0
"Trommald",0,0,0,0,0
"Trondhjem Twp",0,0,0,0,0
"Trosky",0,0,0,0,0
"Trout Lake Twp",0,0,0,0,0
"Troy Twp",0,0,0,0,0
"Truman",0,0,0,0,0
"Tumuli Twp",0,0,0,0,0
"Tunsberg Twp",0,0,0,0,0
"Turner Twp",0,0,0,0,0
"Turtle Creek Twp",0,0,0,0,0
"Turtle Lake Twp",165,6,3,3.63636363636364,1.81818181818182
"Turtle River",0,0,0,0,0
"Turtle River Twp",0,0,0,0,0
"Twin Lakes",0,0,0,0,0
"Twin Lakes Twp",660,24,12,3.63636363636364,1.81818181818182
"Twin Valley",0,0,0,0,0
"Two Harbors",0,0,0,0,0
"Two Inlets Twp",0,0,0,0,0
"Two Rivers Twp",0,0,0,0,0
"Tyler",0,0,0,0,0
"Tynsid Twp",0,0,0,0,0
"Tyro Twp",0,0,0,0,0
"Tyrone Twp",0,0,0,0,0
"Udolpho Twp",0,0,0,0,0
"Ulen",165,6,3,3.63636363636364,1.81818181818182
"Ulen Twp",165,6,3,3.63636363636364,1.81818181818182
"Underwood",0,0,0,0,0
"Underwood Twp",330,12,6,3.63636363636364,1.81818181818182
"Union Grove Twp",334,14,8,4.19161676646707,2.39520958083832
"Union Twp",0,0,0,0,0
"Upsala",0,0,0,0,0
"Urbank",0,0,0,0,0
"Urness Twp",0,0,0,0,0
"Utica",0,0,0,0,0
"Utica Twp",0,0,0,0,0
"Vadnais Heights",825,30,15,3.63636363636364,1.81818181818182
"Vail Twp",110,4,2,3.63636363636364,1.81818181818182
"Vallers Twp",0,0,0,0,0
"Valley Twp",55,2,1,3.63636363636364,1.81818181818182
"Van Buren Twp",0,0,0,0,0
"Vasa Twp",0,0,0,0,0
"Vega Twp",55,2,1,3.63636363636364,1.81818181818182
"Veldt Twp",55,2,1,3.63636363636364,1.81818181818182
"Verdi Twp",0,0,0,0,0
"Verdon Twp",0,0,0,0,0
"Vergas",0,0,0,0,0
"Vermilion Lake Twp",0,0,0,0,0
"Vermillion",165,27,30,16.3636363636364,18.1818181818182
"Vermillion Twp",0,0,0,0,0
"Verndale",0,0,0,0,0
"Vernon Center",195,9,6,4.61538461538462,3.07692307692308
"Vernon Center Twp",390,18,12,4.61538461538462,3.07692307692308
"Vernon Twp",0,0,0,0,0
"Verona Twp",0,0,0,0,0
"Vesta",110,4,2,3.63636363636364,1.81818181818182
"Vesta Twp",440,16,8,3.63636363636364,1.81818181818182
"Victor Twp",0,0,0,0,0
"Victoria",0,0,0,0,0
"Viding Twp",220,8,4,3.63636363636364,1.81818181818182
"Vienna Twp",0,0,0,0,0
"Viking",55,2,1,3.63636363636364,1.81818181818182
"Viking Twp",110,4,2,3.63636363636364,1.81818181818182
"Villard",0,0,0,0,0
"Villard Twp",0,0,0,0,0
"Vineland Twp",0,0,0,0,0
"Vining",0,0,0,0,0
"Viola Twp",0,0,0,0,0
"Virginia",0,0,0,0,0
"Vivian Twp",330,12,6,3.63636363636364,1.81818181818182
"Waasa Twp",0,0,0,0,0
"Wabana Twp",0,0,0,0,0
"Wabasha",0,0,0,0,0
"Wabasso",110,4,2,3.63636363636364,1.81818181818182
"Wabedo Twp",165,6,3,3.63636363636364,1.81818181818182
"Waconia",0,0,0,0,0
"Waconia Twp",0,0,0,0,0
"Wacouta Twp",0,0,0,0,0
"Wadena",0,0,0,0,0
"Wadena Twp",0,0,0,0,0
"Wagner Twp",0,0,0,0,0
"Wahkon",0,0,0,0,0
"Wahnena Unorg",110,4,2,3.63636363636364,1.81818181818182
"Waite Park",2640,96,48,3.63636363636364,1.81818181818182
"Wakefield Twp",1320,48,24,3.63636363636364,1.81818181818182
"Walcott Twp",440,16,8,3.63636363636364,1.81818181818182
"Walden Twp",110,4,2,3.63636363636364,1.81818181818182
"Waldorf",165,6,3,3.63636363636364,1.81818181818182
"Walker",165,6,3,3.63636363636364,1.81818181818182
"Walls Twp",55,2,1,3.63636363636364,1.81818181818182
"Walnut Grove",110,4,2,3.63636363636364,1.81818181818182
"Walnut Lake Twp",0,0,0,0,0
"Walter Twp",110,4,2,3.63636363636364,1.81818181818182
"Walters",0,0,0,0,0
"Waltham",0,0,0,0,0
"Waltham Twp",0,0,0,0,0
"Walworth Twp",0,0,0,0,0
"Wanamingo",0,0,0,0,0
"Wanamingo Twp",0,0,0,0,0
"Wanda",110,4,2,3.63636363636364,1.81818181818182
"Wang Twp",0,0,0,0,0
"Wanger Twp",55,2,1,3.63636363636364,1.81818181818182
"Warba",0,0,0,0,0
"Ward Twp",0,0,0,0,0
"Warren",55,2,1,3.63636363636364,1.81818181818182
"Warren Twp",0,0,0,0,0
"Warrenton Twp",110,4,2,3.63636363636364,1.81818181818182
"Warroad",0,0,0,0,0
"Warsaw Twp",660,24,12,3.63636363636364,1.81818181818182
"Waseca",990,36,18,3.63636363636364,1.81818181818182
"Washington Lake Twp",236,10,6,4.23728813559322,2.54237288135593
"Washington Twp",0,0,0,0,0
"Wasioja Twp",0,0,0,0,0
"Waskish Twp",0,0,0,0,0
"Watab Twp",0,0,0,0,0
"Waterbury Twp",220,8,4,3.63636363636364,1.81818181818182
"Waterford Twp",329,53,59,16.1094224924012,17.9331306990881
"Watertown",0,0,0,0,0
"Watertown Twp",0,0,0,0,0
"Waterville",0,0,0,0,0
"Waterville Twp",0,0,0,0,0
"Watkins",112,4,4,3.57142857142857,3.57142857142857
"Watopa Twp",0,0,0,0,0
"Watson",0,0,0,0,0
"Waubun",0,0,0,0,0
"Waukenabo Twp",0,0,0,0,0
"Waukon Twp",0,0,0,0,0
"Waverly",0,0,0,0,0
"Waverly Twp",0,0,0,0,0
"Wawina Twp",0,0,0,0,0
"Wayzata",133,14,7,10.5263157894737,5.26315789473684
"Wealthwood Twp",0,0,0,0,0
"Webster Twp",440,16,8,3.63636363636364,1.81818181818182
"Weimer Twp",0,0,0,0,0
"Welch Twp",0,0,0,0,0
"Welcome",0,0,0,0,0
"Wellers-McCormick Unorg",0,0,0,0,0
"Wellington Twp",0,0,0,0,0
"Wells",0,0,0,0,0
"Wells Twp",220,8,4,3.63636363636364,1.81818181818182
"Wendell",0,0,0,0,0
"Wergeland Twp",0,0,0,0,0
"West Albany Twp",0,0,0,0,0
"West Bank Twp",0,0,0,0,0
"West Concord",0,0,0,0,0
"West Cook Unorg",0,0,0,0,0
"West Crow Wing Unorg",220,8,4,3.63636363636364,1.81818181818182
"West Heron Lake Twp",0,0,0,0,0
"West Lakeland Twp",0,0,0,0,0
"West Newton Twp",220,8,4,3.63636363636364,1.81818181818182
"West St. Paul",0,0,0,0,0
"West Union",0,0,0,0,0
"West Union Twp",0,0,0,0,0
"West Valley Twp",110,4,2,3.63636363636364,1.81818181818182
"Westbrook",0,0,0,0,0
"Westbrook Twp",0,0,0,0,0
"Westerheim Twp",0,0,0,0,0
"Western Twp",0,0,0,0,0
"Westfield Twp",0,0,0,0,0
"Westford Twp",0,0,0,0,0
"Westline Twp",220,8,4,3.63636363636364,1.81818181818182
"Westport",0,0,0,0,0
"Westport Twp",0,0,0,0,0
"Westside Twp",0,0,0,0,0
"Whalan",0,0,0,0,0
"Wheatland Twp",440,16,8,3.63636363636364,1.81818181818182
"Wheaton",220,8,4,3.63636363636364,1.81818181818182
"Wheeling Twp",440,16,8,3.63636363636364,1.81818181818182
"White Bear Lake",990,36,18,3.63636363636364,1.81818181818182
"White Bear Lake Twp",0,0,0,0,0
"White Bear Twp",990,36,18,3.63636363636364,1.81818181818182
"White Earth Twp",0,0,0,0,0
"White Oak Twp",0,0,0,0,0
"White Pine Twp",0,0,0,0,0
"White Twp",0,0,0,0,0
"Whited Twp",0,0,0,0,0
"Whiteface Reservoir Unorg",0,0,0,0,0
"Whitefield Twp",0,0,0,0,0
"Whiteford Twp",110,4,2,3.63636363636364,1.81818181818182
"Whitewater Twp",0,0,0,0,0
"Wild Rice Twp",0,0,0,0,0
"Wilder",0,0,0,0,0
"Wildwood Twp",0,0,0,0,0
"Wilkinson Twp",165,6,3,3.63636363636364,1.81818181818182
"Willernie",0,0,0,0,0
"Williams",0,0,0,0,0
"Williams Twp",0,0,0,0,0
"Willmar",0,0,0,0,0
"Willmar Twp",0,0,0,0,0
"Willow Lake Twp",220,8,4,3.63636363636364,1.81818181818182
"Willow River",0,0,0,0,0
"Willow River Unorg",110,4,2,3.63636363636364,1.81818181818182
"Willow Valley Twp",0,0,0,0,0
"Wilma Twp",0,0,0,0,0
"Wilmington Twp",0,0,0,0,0
"Wilmont",0,0,0,0,0
"Wilmont Twp",0,0,0,0,0
"Wilson Twp",220,8,4,3.63636363636364,1.81818181818182
"Wilton",0,0,0,0,0
"Wilton Twp",495,18,9,3.63636363636364,1.81818181818182
"Winchester Twp",0,0,0,0,0
"Windemere Twp",0,0,0,0,0
"Windom",0,0,0,0,0
"Windom Twp",0,0,0,0,0
"Windsor Twp",55,2,1,3.63636363636364,1.81818181818182
"Winfield Twp",0,0,0,0,0
"Wing River Twp",0,0,0,0,0
"Winger",0,0,0,0,0
"Winger Twp",0,0,0,0,0
"Winnebago",0,0,0,0,0
"Winnebago Twp",0,0,0,0,0
"Winnibigoshish Unorg",0,0,0,0,0
"Winnie Portage Lakes Unorg",220,8,4,3.63636363636364,1.81818181818182
"Winona",0,0,0,0,0
"Winsor Twp",0,0,0,0,0
"Winsted",260,12,8,4.61538461538462,3.07692307692308
"Winsted Twp",780,36,24,4.61538461538462,3.07692307692308
"Winthrop",118,6,2,5.08474576271187,1.69491525423729
"Winton",0,0,0,0,0
"Wirt Twp",0,0,0,0,0
"Wisconsin Twp",0,0,0,0,0
"Wiscoy Twp",0,0,0,0,0
"Wolf Lake",0,0,0,0,0
"Wolf Lake Twp",0,0,0,0,0
"Wolford Twp",55,2,1,3.63636363636364,1.81818181818182
"Wolverton",0,0,0,0,0
"Wolverton Twp",0,0,0,0,0
"Wood Lake",0,0,0,0,0
"Wood Lake Twp",0,0,0,0,0
"Woodbury",0,0,0,0,0
"Woodland",57,6,3,10.5263157894737,5.26315789473684
"Woodland Twp",0,0,0,0,0
"Woodrow Twp",385,14,7,3.63636363636364,1.81818181818182
"Woods Twp",0,0,0,0,0
"Woodside Twp",0,0,0,0,0
"Woodstock",0,0,0,0,0
"Woodville Twp",330,12,6,3.63636363636364,1.81818181818182
"Workman Twp",0,0,0,0,0
"Worthington",0,0,0,0,0
"Worthington Twp",0,0,0,0,0
"Wrenshall",55,2,1,3.63636363636364,1.81818181818182
"Wrenshall Twp",55,2,1,3.63636363636364,1.81818181818182
"Wright",55,2,1,3.63636363636364,1.81818181818182
"Wright Twp",165,6,3,3.63636363636364,1.81818181818182
"Wuori Twp",0,0,0,0,0
"Wyandotte Twp",0,0,0,0,0
"Wyanett Twp",0,0,0,0,0
"Wykeham Twp",0,0,0,0,0
"Wykoff",0,0,0,0,0
"Wylie Twp",0,0,0,0,0
"Wyoming",935,34,17,3.63636363636364,1.81818181818182
"Yellow Bank Twp",55,2,1,3.63636363636364,1.81818181818182
"York Twp",0,0,0,0,0
"Young America Twp",0,0,0,0,0
"Yucatan Twp",0,0,0,0,0
"Zemple",0,0,0,0,0
"Zimmerman",0,0,0,0,0
"Zion Twp",660,24,12,3.63636363636364,1.81818181818182
"Zumbro Falls",0,0,0,0,0
"Zumbro Twp",0,0,0,0,0
"Zumbrota",0,0,0,0,0
"Zumbrota Twp",0,0,0,0,0
